network_code,receiver_code,receiver_type,receiver_latitude,receiver_longitude,receiver_elevation_m,p_arrival_sample,p_status,p_weight,p_travel_sec,s_arrival_sample,s_status,s_weight,source_id,source_origin_time,source_origin_uncertainty_sec,source_latitude,source_longitude,source_error_sec,source_gap_deg,source_horizontal_uncertainty_km,source_depth_km,source_depth_uncertainty_km,source_magnitude,source_magnitude_type,source_magnitude_author,source_mechanism_strike_dip_rake,source_distance_deg,source_distance_km,back_azimuth_deg,snr_db,coda_end_sample,trace_start_time,trace_category,trace_name
HV,AHUD,EH,19.371567,-155.263462,1051.0,390.0,autopicker,0.78,1.6299999952316284,601.0,autopicker,0.66,hv70464962,2018-07-23 13:40:34.960000,,19.414,-155.29466,,,,0.12,,2.11,ml,,,0.05147,5.73,325.0,[21.5        16.39999962 25.89999962],[[1623.]],2018-07-23 13:40:32.690000,earthquake_local,AHUD.HV_20180723134031_EV
PB,B057,EH,38.0273,-122.5655,14.4,700.0,manual,0.63,6.639999866485596,1169.0,manual,0.0,nc72526151,2015-09-17 16:47:11.630000,,38.32983,-122.41317,,,,8.95,,1.2,md,,,0.3261,36.14,21.6,[21.79999924 22.70000076 18.79999924],[[1768.]],2015-09-17 16:47:11.270000,earthquake_local,B057.PB_20150917164710_EV
HT,AGG,HH,39.0211,22.336,625.0,700.0,manual,0.5,11.84000015258789,1833.0,autopicker,0.76,14554134,2010-03-19 19:58:38.96,0.7,38.4196,22.0626,0.8647,15.482,1.96698,8.45,,3.6,mb,,,0.64,70.88,19.1,[53.09999847 46.59999847 48.70000076],[[5195.]],2010-03-19 19:58:43.800000,earthquake_local,AGG.HT_20100319195842_EV
KR,ARLS,BH,41.85444,74.32889,1526.0,400.0,manual,0.5,16.709999084472656,1600.0,manual,0.5,603287261,2013-07-29 23:36:07.59,0.8,42.6813,74.8066,1.0095,52.513,2.44968,11.94,,3.3,mb,,,0.9,99.94,203.8,[31.79999924 32.40000153 36.70000076],[[5602.]],2013-07-29 23:36:20.300000,earthquake_local,ARLS.KR_20130729233619_EV
NN,BAB,HN,39.60133,-120.104,2664.0,,,,,,,,,,,,,,,,,,,,,,,,,,,2018-04-21 12:03:00,noise,BAB.NN_201804211203_NO
HV,AIND,HH,19.372067,-155.457228,1524.0,700.0,manual,0.64,3.559999942779541,996.0,manual,0.55,hv61186521,2016-02-25 04:59:25.190000,,19.413,-155.31383,,,,4.89,,1.63,ml,,,0.1414,15.73,73.2,[24.         23.39999962 23.79999924],[[2584.]],2016-02-25 04:59:21.750000,earthquake_local,AIND.HV_20160225045920_EV
PB,B045,EH,40.436,-123.9965,29.4,500.0,manual,0.0,16.3799991607666,1817.0,autopicker,0.88,nc72817926,2017-06-18 16:21:14.450000,,39.81983,-123.31,,,,7.17,,1.69,md,,,0.8098,90.03,139.8,[15.89999962 16.         13.60000038],[[3199.]],2017-06-18 16:21:25.830000,earthquake_local,B045.PB_20170618162124_EV
AV,AKRB,BH,54.1292,-166.0708,334.0,600.0,manual,0.75,12.055999755859377,1500.9,manual,0.62,ak0115iia0ov,2011-04-30 03:00:33.917000,,53.5323,-166.1881,0.38,,0.0,26.7,0.8,2.5,ml,,,0.602,66.88,186.67,[42.90000153 32.59999847 33.29999924],[[2693.]],2011-04-30 03:00:39.973000,earthquake_local,AKRB.AV_20110430030038_EV
PR,AOPR,BH,18.346645,-66.753975,355.1,800.0,manual,0.5,12.979999542236328,1787.0,manual,0.0,pr2017256000,2017-09-13 02:17:52.880000,,19.091,-66.5123,,,,21.0,,3.1,md,,,0.7818,86.78,18.0,[39.09999847 35.70000076 36.5       ],[[3050.]],2017-09-13 02:17:57.860000,earthquake_local,AOPR.PR_20170913021757_EV
GM,AA12,HN,39.53523,-121.4669,385.0,,,,,,,,,,,,,,,,,,,,,,,,,,,2017-08-24 07:41:00,noise,AA12.GM_201708240741_NO
HP,AMT,HH,37.5324,21.7089,482.0,400.0,manual,0.5,24.61000061035156,2817.0,autopicker,0.6,606635563,2012-10-09 06:25:25.49,0.8,38.8913,21.7393,1.4234,24.875,2.57035,8.7,,3.9,mb,,,1.36,150.86,181.0,[43.20000076 38.90000153 37.        ],[[5900.]],2012-10-09 06:25:46.100000,earthquake_local,AMT.HP_20121009062545_EV
AV,AU22,BH,59.3702,-153.3573,105.0,,,,,,,,,,,,,,,,,,,,,,,,,,,2018-09-30 00:36:00,noise,AU22.AV_201809300036_NO
CI,ADO,HH,34.55046,-117.43391,908.0,800.0,manual,0.77,16.3700008392334,2013.0,manual,0.55,ci11009093,2011-09-20 02:27:00.740000,,35.1321667,-118.2458333,0.17,31.0,0.21,4.76,,2.85,ml,CI,,0.8847,98.2,310.9,[28.70000076 26.79999924 22.70000076],[[2812.]],2011-09-20 02:27:09.110000,earthquake_local,ADO.CI_20110920022709_EV
CI,ALP,HH,34.68708,-118.29946,753.0,897.0,autopicker,0.87,5.639999866485596,1311.0,autopicker,0.63,ci37302504,2015-01-06 05:42:40.790000,,34.61467,-118.64417,,,,8.3,,1.43,ml,,,0.2932,32.61,255.6,[9.         9.30000019 3.        ],[[3199.]],2015-01-06 05:42:37.460000,earthquake_local,ALP.CI_20150106054236_EV
PB,B054,EH,37.8602,-122.1995,405.6,500.0,manual,0.58,4.5,829.0,manual,0.51,nc72817056,2017-06-16 15:02:01.440000,,37.90767,-121.97883,,,,8.21,,1.6,md,,,0.1809,20.11,74.8,[37.90000153 41.79999924 34.90000153],[[1252.]],2017-06-16 15:02:00.940000,earthquake_local,B054.PB_20170616150159_EV
AV,AUWS,BH,59.3585,-153.4608,487.0,500.0,manual,0.7,20.899999618530277,2005.0,manual,0.72,ak11670412,2015-08-06 10:21:15.000000,0.82,58.8195,-154.5453,0.4,,,127.3,0.2,2.6,ml,,,0.77832,86.39,225.5334,[20.60000038 18.         20.29999924],[[5900.]],2015-08-06 10:21:30.900000,earthquake_local,AUWS.AV_20150806102130_EV
LD,ASNY,HH,44.39812,-73.8103,330.0,,,,,,,,,,,,,,,,,,,,,,,,,,,2018-01-16 02:21:00,noise,ASNY.LD_201801160221_NO
HV,ALEP,EH,19.541178,-155.644036,2894.0,600.0,manual,0.61,2.819999933242798,793.0,manual,0.0,hv61971926,2017-11-09 20:31:46.610000,,19.45733,-155.60133,,,,2.31,,1.22,md,,,0.09263,10.31,154.4,[42.79999924 43.59999847 46.59999847],[[1972.]],2017-11-09 20:31:43.430000,earthquake_local,ALEP.HV_20171109203142_EV
HV,ALEP,EH,19.541178,-155.644036,2894.0,400.0,manual,0.61,10.0600004196167,1247.0,manual,0.0,hv61496121,2016-11-26 09:46:45.860000,0.8,19.3483,-155.0974,0.39,160.0,2.04,9.37,0.49,2.5,ml,,,0.5477,60.94,110.9,[32.40000153 31.70000076 33.29999924],[[3199.]],2016-11-26 09:46:51.920000,earthquake_local,ALEP.HV_20161126094650_EV
HV,AHUD,EH,19.371567,-155.263462,1051.0,,,,,,,,,,,,,,,,,,,,,,,,,,,2017-04-18 22:36:00,noise,AHUD.HV_201704182236_NO
AV,AUI,EH,59.3345,-153.4299,293.0,600.0,manual,0.81,13.807000160217283,1735.9,manual,0.68,ak011efgt6d7,2011-11-10 10:18:04.755000,,59.565,-153.0719,0.47,,0.0,97.3,0.7,2.1,ml,,,0.292,32.74,38.35,[21.29999924 12.69999981  9.69999981],[[3199.]],2011-11-10 10:18:12.562000,earthquake_local,AUI.AV_20111110101811_EV
TA,158A,HH,32.7364,-80.1935,12.0,,,,,,,,,,,,,,,,,,,,,,,,,,,2015-01-23 07:43:00,noise,158A.TA_201501230743_NO
HV,AHUD,EH,19.371567,-155.263462,1051.0,,,,,,,,,,,,,,,,,,,,,,,,,,,2012-12-11 11:15:00,noise,AHUD.HV_201212111115_NO
HV,ALEP,EH,19.541178,-155.644036,2894.0,600.0,manual,0.63,2.549999952316284,782.0,manual,0.0,hv61888006,2017-08-29 11:08:04.120000,,19.48267,-155.59183,,,,2.84,,0.85,md,,,0.07624,8.48,139.9,[46.59999847 46.40000153 41.90000153],[[1928.]],2017-08-29 11:08:00.670000,earthquake_local,ALEP.HV_20170829110759_EV
CN,A11,HH,47.2431,-70.1969,55.0,,,,,,,,,,,,,,,,,,,,,,,,,,,2018-01-15 08:33:06,noise,A11.CN_20180115083306_NO
PB,B901,EH,35.6897,-120.142,275.0,,,,,,,,,,,,,,,,,,,,,,,,,,,2015-09-10 14:41:00,noise,B901.PB_201509101441_NO
II,BORG,BH,64.7474,-21.3268,110.0,,,,,,,,,,,,,,,,,,,,,,,,,,,2018-01-15 16:15:48,noise,BORG.II_20180115161548_NO
PB,B047,EH,40.25047,-124.17133,80.0,700.0,manual,0.73,5.510000228881836,1130.0,manual,0.61,nc72700311,2016-09-21 17:37:12.100000,,40.29467,-124.46183,,,,12.99,,1.62,md,,,0.2261,25.19,281.2,[45.20000076 42.29999924 45.20000076],[[1642.]],2016-09-21 17:37:10.610000,earthquake_local,B047.PB_20160921173709_EV
HV,ALEP,EH,19.541178,-155.644036,2894.0,800.0,manual,0.64,3.0899999141693115,1017.0,manual,0.0,hv61107186,2015-11-19 11:34:09.960000,,19.44167,-155.60833,,,,3.55,,1.0,md,,,0.1046,11.64,161.3,[22.29999924 19.39999962 21.60000038],[[2468.]],2015-11-19 11:34:05.050000,earthquake_local,ALEP.HV_20151119113404_EV
PB,B018,EH,46.9795,-123.0203,10.0,700.0,manual,0.95,7.28000020980835,1295.0,manual,0.93,uw10717728,2007-02-21 20:06:52.570000,,47.1498333,-123.4001667,0.27,64.0,0.52,37.69,0.57,1.9,md,UW,,0.3106,34.51,303.2,[42.59999847 49.5        40.        ],[[1841.]],2007-02-21 20:06:52.850000,earthquake_local,B018.PB_20070221200651_EV
PB,B901,EH,35.6897,-120.142,275.0,,,,,,,,,,,,,,,,,,,,,,,,,,,2013-03-23 12:33:00,noise,B901.PB_201303231233_NO
TA,833A,HH,28.3236,-99.3939,171.0,,,,,,,,,,,,,,,,,,,,,,,,,,,2015-12-29 06:22:00,noise,833A.TA_201512290622_NO
PR,AOPR,BH,18.346645,-66.753975,355.1,900.0,manual,0.79,14.40999984741211,2072.0,manual,0.12,pr15357000,2015-12-23 00:41:57.300000,,19.2215,-66.5893,0.19,281.0,1.32,40.21,5.3,3.23,md,,,0.88412,98.14,10.191,[26.         30.10000038 28.29999924],[[3698.]],2015-12-23 00:42:02.710000,earthquake_local,AOPR.PR_20151223004202_EV
AE,113A,HH,32.7683,-113.7667,118.0,,,,,,,,,,,,,,,,,,,,,,,,,,,2016-04-01 07:34:00,noise,113A.AE_201604010734_NO
KZ,ABKAR,BH,49.2556,59.9431,243.0,,,,,,,,,,,,,,,,,,,,,,,,,,,2010-07-14 05:49:00,noise,ABKAR.KZ_201007140549_NO
C1,AC04,HH,-28.2046,-71.0739,249.0,,,,,,,,,,,,,,,,,,,,,,,,,,,2018-01-16 04:57:30,noise,AC04.C1_20180116045730_NO
AV,ANCK,BH,58.1981,-155.4961,869.0,509.2,autopicker,0.93,1.3880000114440918,635.2,autopicker,0.83,ak16922237,2017-09-27 16:09:46.292000,,58.1892,-155.3751,0.15,,0.0,1.1,0.6,0.5,ml,,,0.064,7.19,97.98,[20.70000076 19.29999924 20.70000076],[[1522.]],2017-09-27 16:09:42.588000,earthquake_local,ANCK.AV_20170927160941_EV
AV,AMKA,BH,51.3771,179.3,116.0,500.0,manual,0.5,23.530000686645508,2159.0,manual,0.5,607260428,2015-04-26 22:13:35.56,0.76,51.7548,178.0545,1.3972,105.822,,150.0,,4.1,mb,,,0.86,96.04,115.3,[25.60000038 28.79999924 20.10000038],[[5900.]],2015-04-26 22:13:54.090000,earthquake_local,AMKA.AV_20150426221353_EV
AV,AMKA,BH,51.3771,179.3,116.0,800.0,manual,0.35,18.25,2217.0,manual,0.52,usb000s5kv,2014-08-22 13:57:02.490000,0.47,51.89,178.433,0.23,,,111.5,3.8,2.9,ml,,,0.74555,82.76,313.209,[45.5        42.29999924 38.20000076],[[3327.]],2014-08-22 13:57:12.740000,earthquake_local,AMKA.AV_20140822135712_EV
AT,AKUT,BH,54.13517,-165.77185,19.2,,,,,,,,,,,,,,,,,,,,,,,,,,,2011-09-28 02:12:00,noise,AKUT.AT_201109280212_NO
CN,A54,HH,47.4568,-70.4134,377.0,,,,,,,,,,,,,,,,,,,,,,,,,,,2018-01-15 15:30:18,noise,A54.CN_20180115153018_NO
EC,ANTS,HH,-0.4973,-78.170403,4580.0,,,,,,,,,,,,,,,,,,,,,,,,,,,2018-01-16 17:14:36,noise,ANTS.EC_20180116171436_NO
AV,AKRB,BH,54.1292,-166.0708,334.0,,,,,,,,,,,,,,,,,,,,,,,,,,,2018-01-15 06:41:48,noise,AKRB.AV_20180115064148_NO
HV,AHUD,EH,19.371567,-155.263462,1051.0,700.0,manual,0.62,5.650000095367432,1125.0,manual,0.0,hv61580841,2017-01-27 04:31:08.840000,,19.23333,-155.3875,,,,32.15,,1.71,md,,,0.1806,20.1,220.2,[2.79999995 1.29999995 4.5       ],[[3100.]],2017-01-27 04:31:07.490000,earthquake_local,AHUD.HV_20170127043106_EV
KZ,AKTO,BH,50.434799,58.016399,379.0,,,,,,,,,,,,,,,,,,,,,,,,,,,2018-01-16 08:50:36,noise,AKTO.KZ_20180116085036_NO
BK,BL67,HH,37.87492,-122.24318,736.0,,,,,,,,,,,,,,,,,,,,,,,,,,,2011-12-27 09:05:00,noise,BL67.BK_201112270905_NO
HV,AHUD,EH,19.371567,-155.263462,1051.0,596.0,autopicker,0.72,1.6699999570846558,804.0,autopicker,0.67,hv70463687,2018-07-23 07:19:49.530000,,19.417,-155.293,,,,0.88,,1.89,md,,,0.0531,5.91,328.0,[ 8.80000019 13.30000019 12.5       ],[[2023.]],2018-07-23 07:19:45.240000,earthquake_local,AHUD.HV_20180723071944_EV
ZQ,AAM3,HH,-26.374,27.416,1597.1,1264.3,autopicker,0.92,4.980000019073486,1371.3,autopicker,0.63,336478,2007-02-27 16:53:06.400,0.97,-26.336,27.478,0.4,237.0,,2.0,,1.3,ml,,,0.0674,7.48,55.785,[35.29999924 35.40000153 32.5       ],[[2956.]],2007-02-27 16:52:58.737000,earthquake_local,AAM3.ZQ_20070227165257_EV
ET,BCRT,EH,35.766,-84.576,409.0,,,,,,,,,,,,,,,,,,,,,,,,,,,2018-01-16 02:06:00,noise,BCRT.ET_20180116020600_NO
PB,B065,EH,36.743667,-121.474167,643.0,600.0,manual,0.7,9.420000076293944,1328.0,manual,0.54,nc72582331,2016-01-20 18:48:23.630000,,36.43667,-120.999,,,,3.87,,1.7,md,,,0.491,54.49,129.0,[18.29999924 15.69999981 15.5       ],[[3199.]],2016-01-20 18:48:27.050000,earthquake_local,B065.PB_20160120184826_EV
TA,B05D,BH,48.2641,-122.096,153.0,700.0,manual,1.0,8.449999809265137,1358.0,manual,0.64,uw60480361,2012-10-24 19:07:06.470000,,48.2258333,-122.7528333,0.23,57.0,0.41,24.29,1.0,1.06,md,UW,,0.4407,48.97,264.8,[18.89999962 19.29999924 15.19999981],[[3199.]],2012-10-24 19:07:07.920000,earthquake_local,B05D.TA_20121024190706_EV
KR,ARK,BH,41.799999,71.966667,1420.0,500.0,manual,0.5,10.199999809265137,1270.0,manual,0.5,604102469,2013-10-13 17:55:00.00,1.01,41.8634,72.6755,0.6694,68.338,4.50313,13.04,,3.0,mb,,,0.54,59.3,263.2,[46.70000076 45.20000076 38.        ],[[3788.]],2013-10-13 17:55:05.200000,earthquake_local,ARK.KR_20131013175504_EV
7F,ARK1,EH,35.266602,-92.403503,176.0,,,,,,,,,,,,,,,,,,,,,,,,,,,2010-07-28 17:48:12,noise,ARK1.7F_20100728174812_NO
PB,B065,EH,36.743667,-121.474167,643.0,800.0,manual,0.68,3.759999990463257,1073.0,manual,0.59,nc71913836,2013-01-02 03:21:04.360000,0.0,36.776,-121.288,,125.0,,8.2,0.29,2.5,md,,,0.1532,17.02,77.8,[59.20000076 63.40000153 59.29999924],[[1526.]],2013-01-02 03:21:00.120000,earthquake_local,B065.PB_20130102032059_EV
7F,ARK1,EH,35.266602,-92.403503,176.0,,,,,,,,,,,,,,,,,,,,,,,,,,,2010-07-25 17:25:48,noise,ARK1.7F_20100725172548_NO
CC,ASBU,BH,43.82056,-121.368401,1538.0,,,,,,,,,,,,,,,,,,,,,,,,,,,2015-03-25 21:43:00,noise,ASBU.CC_201503252143_NO
HV,AHUD,EH,19.371567,-155.263462,1051.0,503.0,autopicker,0.91,1.3700000047683716,593.0,autopicker,0.6,hv70260012,2018-06-11 02:24:27.160000,,19.401,-155.26767,,,,1.42,,2.44,ml,,,0.02955,3.29,352.0,[30.39999962 27.39999962 29.60000038],[[1365.]],2018-06-11 02:24:23.500000,earthquake_local,AHUD.HV_20180611022422_EV
LD,ASNY,HH,44.39812,-73.8103,330.0,,,,,,,,,,,,,,,,,,,,,,,,,,,2018-08-31 14:10:00,noise,ASNY.LD_201808311410_NO
AV,ANON,EH,56.919,-158.1737,445.0,,,,,,,,,,,,,,,,,,,,,,,,,,,2018-01-16 08:39:24,noise,ANON.AV_20180116083924_NO
ZQ,AAM2,HH,-26.473,27.491,1555.2,986.1,autopicker,0.94,3.0899999141693115,1093.1,autopicker,0.86,398394,2007-04-02 05:29:33.800,0.62,-26.398,27.394,0.2,123.0,1.6,2.0,,1.8,ml,,,0.1149,12.75,310.6361,[41.40000153 41.90000153 40.5       ],[[2400.]],2007-04-02 05:29:27.029000,earthquake_local,AAM2.ZQ_20070402052926_EV
C1,BI05,HH,-36.74784,-73.19051,52.0,,,,,,,,,,,,,,,,,,,,,,,,,,,2018-01-15 01:50:36,noise,BI05.C1_20180115015036_NO
7F,ARK1,EH,35.266602,-92.403503,176.0,,,,,,,,,,,,,,,,,,,,,,,,,,,2010-07-27 03:18:48,noise,ARK1.7F_20100727031848_NO
PB,B065,EH,36.743667,-121.474167,643.0,600.0,manual,0.25,8.460000038146973,1238.0,manual,0.0,nc71871685,2012-10-30 06:09:18.700000,0.0,36.46,-121.038,,43.0,,6.5,0.39,2.7,md,,,0.4523,50.21,129.1,[49.         53.20000076 46.5       ],[[3086.]],2012-10-30 06:09:21.160000,earthquake_local,B065.PB_20121030060921_EV
C1,AC04,HH,-28.2046,-71.0739,249.0,,,,,,,,,,,,,,,,,,,,,,,,,,,2018-04-22 14:44:00,noise,AC04.C1_201804221444_NO
PB,B054,EH,37.8602,-122.1995,405.6,400.0,manual,0.56,2.990000009536743,626.0,manual,0.0,nc72408975,2015-03-10 22:02:17.680000,,37.75267,-122.14,,,,4.28,,1.31,md,,,0.1171,13.03,156.4,[28.89999962 39.59999847 36.40000153],[[1113.]],2015-03-10 22:02:16.670000,earthquake_local,B054.PB_20150310220215_EV
SN,AMD,EH,36.4526,-116.2818,775.4,700.0,manual,0.95,14.913439750671388,1731.872,manual,0.0,nn00424113,2013-09-16 08:27:53.977000,,35.6958,-116.5072,0.0132,296.18,0.0,16.6,5.0,0.5,ml,NN,,0.779,86.39,193.47,[17.29999924 23.         22.20000076],[[3018.]],2013-09-16 08:28:01.890440,earthquake_local,AMD.SN_20130916082800_EV
AV,AKMO,BH,54.0903,-166.0126,277.0,600.0,manual,0.7,13.100000381469728,1603.0,manual,0.08,usb000sbfh,2014-09-02 12:47:19.000000,1.24,53.5133,-165.6344,0.61,,9.113,41.6,10.0,3.2,ml,,,0.62016,68.84,158.945,[55.5        56.59999847 49.79999924],[[3048.]],2014-09-02 12:47:26.100000,earthquake_local,AKMO.AV_20140902124726_EV
PR,AOPR,BH,18.346645,-66.753975,355.1,1000.0,manual,0.4,17.989999771118164,2500.0,manual,0.0,pr2017239003,2017-08-27 13:39:54.300000,,19.343,-67.349,,,,40.0,,3.2,md,,,1.1455,127.15,330.0,[25.79999924 24.29999924 23.89999962],[[4973.]],2017-08-27 13:40:02.290000,earthquake_local,AOPR.PR_20170827134002_EV
AV,ANCK,BH,58.1981,-155.4961,869.0,,,,,,,,,,,,,,,,,,,,,,,,,,,2017-12-11 13:55:00,noise,ANCK.AV_201712111355_NO
ZQ,AAM1,HH,-26.427,27.423,1169.9,1110.0,autopicker,0.71,5.0,1332.0,autopicker,0.71,394586,2009-05-02 17:42:47.200,0.97,-26.394,27.586,0.4,103.0,2.0,2.0,,1.9,ml,,,0.1502,16.67,77.3651,[29.20000076 27.60000038 28.10000038],[[2051.]],2009-05-02 17:42:41.100000,earthquake_local,AAM1.ZQ_20090502174240_EV
GO,AKH,HH,41.41,43.4929,1720.0,,,,,,,,,,,,,,,,,,,,,,,,,,,2012-03-14 20:04:00,noise,AKH.GO_201203142004_NO
ZQ,AAM2,HH,-26.473,27.491,1555.2,,,,,,,,,,,,,,,,,,,,,,,,,,,2008-11-23 23:00:00,noise,AAM2.ZQ_200811232300_NO
CI,ALP,HH,34.68708,-118.29946,753.0,700.0,manual,0.62,7.840000152587891,1284.0,manual,0.56,ci37499696,2015-12-08 08:27:08.440000,,34.37383,-118.602,,,,1.97,,1.44,ml,,,0.4,44.49,218.4,[13.         10.60000038  3.4000001 ],[[2800.]],2015-12-08 08:27:09.280000,earthquake_local,ALP.CI_20151208082708_EV
HV,AHUD,EH,19.371567,-155.263462,1051.0,700.0,manual,0.55,2.359999895095825,936.0,manual,0.57,hv70083951,2018-04-17 18:20:53.020000,,19.42217,-155.27283,,,,12.74,,0.87,md,,,0.05111,5.69,350.1,[25.39999962 19.60000038 19.70000076],[[2344.]],2018-04-17 18:20:48.380000,earthquake_local,AHUD.HV_20180417182047_EV
PB,B072,EH,35.831,-120.345,398.0,,,,,,,,,,,,,,,,,,,,,,,,,,,2007-09-08 05:58:00,noise,B072.PB_200709080558_NO
TA,214A,HH,31.9559,-112.8115,543.0,,,,,,,,,,,,,,,,,,,,,,,,,,,2016-10-08 01:14:00,noise,214A.TA_201610080114_NO
PB,B045,EH,40.436,-123.9965,29.4,900.0,manual,0.67,6.210000038146973,1386.0,manual,0.59,nc72188026,2014-03-19 15:10:45.810000,,40.2955,-124.3015,,,,8.72,,1.77,md,,,0.2721,30.24,238.8,[36.         33.5        33.90000153],[[1856.]],2014-03-19 15:10:43.020000,earthquake_local,B045.PB_20140319151042_EV
BK,BL67,HH,37.87492,-122.24318,736.0,,,,,,,,,,,,,,,,,,,,,,,,,,,2012-01-09 17:48:00,noise,BL67.BK_201201091748_NO
HV,AHUD,EH,19.371567,-155.263462,1051.0,800.0,autopicker,0.89,1.600000023841858,969.0,autopicker,0.78,hv70396296,2018-07-11 07:53:11.410000,,19.417,-155.26933,,,,0.87,,2.11,ml,,,0.04553,5.07,353.0,[18.89999962 19.         22.79999924],[[2276.]],2018-07-11 07:53:05.010000,earthquake_local,AHUD.HV_20180711075304_EV
C0,BRIGG,HH,40.581287,-104.319221,1479.0,,,,,,,,,,,,,,,,,,,,,,,,,,,2018-01-15 02:01:48,noise,BRIGG.C0_20180115020148_NO
HV,ALEP,EH,19.541178,-155.644036,2894.0,900.0,manual,0.62,8.720000267028809,1617.0,manual,0.58,hv62012031,2017-12-19 08:37:05.430000,,19.30983,-155.21967,,,,2.49,,1.4,md,,,0.4619,51.4,120.1,[36.09999847 37.79999924 35.20000076],[[3199.]],2017-12-19 08:37:05.150000,earthquake_local,ALEP.HV_20171219083704_EV
PB,B067,EH,36.765,-121.5655,126.0,,,,,,,,,,,,,,,,,,,,,,,,,,,2016-08-04 22:03:00,noise,B067.PB_201608042203_NO
PB,B049,EH,40.23731,-123.81968,117.0,,,,,,,,,,,,,,,,,,,,,,,,,,,2010-01-17 00:17:00,noise,B049.PB_201001170017_NO
PB,B040,EH,41.8308,-122.40383,820.0,,,,,,,,,,,,,,,,,,,,,,,,,,,2016-03-03 21:41:00,noise,B040.PB_201603032141_NO
GL,AMC,HH,16.04768,-61.665901,1346.0,,,,,,,,,,,,,,,,,,,,,,,,,,,2018-01-15 18:56:06,noise,AMC.GL_20180115185606_NO
ZQ,AAM1,HH,-26.427,27.423,1169.9,1051.9,autopicker,0.83,3.220000028610229,1195.9,autopicker,0.56,366492,2009-04-04 06:01:30.100,2.11,-26.366,27.492,0.9,95.0,3.7,2.0,,2.5,ml,,,0.0869,9.65,45.5458,[41.         41.90000153 39.79999924],[[2679.]],2009-04-04 06:01:22.801000,earthquake_local,AAM1.ZQ_20090404060121_EV
TA,A06A,BH,49.0983,-121.4804,576.0,600.0,manual,0.95,6.75,1108.0,manual,0.93,uw10736828,2007-09-29 19:42:34.650000,,48.7525,-121.6235,0.32,64.0,0.81,0.74,2.21,1.6,md,UW,,0.3587,39.86,195.2,[31.79999924 30.60000038 36.79999924],[[1803.]],2007-09-29 19:42:35.400000,earthquake_local,A06A.TA_20070929194234_EV
PB,B046,EH,40.32197,-124.2843,44.0,500.0,manual,0.73,2.630000114440918,708.0,manual,0.55,nc72770921,2017-03-06 03:12:15.190000,,40.308,-124.40083,,,,7.76,,2.04,md,,,0.09019,10.03,261.0,[36.         38.20000076 38.40000153],[[1242.]],2017-03-06 03:12:12.820000,earthquake_local,B046.PB_20170306031211_EV
PB,B067,EH,36.765,-121.5655,126.2,500.0,manual,0.59,4.070000171661377,816.0,manual,0.0,nc71692026,2011-12-06 01:44:12.100000,,36.6885,-121.3231667,0.08,49.0,0.24,4.19,0.63,1.38,md,NC,,0.209,23.25,111.5,[24.20000076 25.89999962 24.20000076],[[1944.]],2011-12-06 01:44:11.170000,earthquake_local,B067.PB_20111206014410_EV
7F,ARK2,EH,35.334099,-92.298203,212.0,,,,,,,,,,,,,,,,,,,,,,,,,,,2010-07-30 21:05:36,noise,ARK2.7F_20100730210536_NO
S,AUALB,HH,-34.9995,117.9046,50.0,,,,,,,,,,,,,,,,,,,,,,,,,,,2015-12-22 19:20:00,noise,AUALB.S_201512221920_NO
AV,ACH,BH,58.21,-155.3281,960.0,,,,,,,,,,,,,,,,,,,,,,,,,,,2017-09-01 09:32:00,noise,ACH.AV_201709010932_NO
AV,AMKA,BH,51.3771,179.3,116.0,900.0,manual,0.5,31.75,3401.0,autopicker,0.75,606918492,2014-06-24 05:53:19.19,0.88,52.1176,176.5211,1.2912,170.288,,10.0,,4.1,mb,,,1.88,208.84,112.1,[36.29999924 37.5        30.29999924],[[5900.]],2014-06-24 05:53:41.940000,earthquake_local,AMKA.AV_20140624055340_EV
PB,B076,EH,35.9398,-120.4248,445.0,,,,,,,,,,,,,,,,,,,,,,,,,,,2009-07-11 06:45:00,noise,B076.PB_200907110645_NO
AV,AU22,BH,59.3702,-153.3573,105.0,500.0,manual,0.5,24.989999771118164,2476.0,autopicker,0.78,606595860,2015-01-24 18:58:13.39,0.73,60.5451,-151.5425,0.9334,41.082,4.67666,74.57,,3.7,ml,,,1.49,165.56,218.5,[16.5 16.5 18. ],[[5900.]],2015-01-24 18:58:33.380000,earthquake_local,AU22.AV_20150124185832_EV
AX,AUA2,EH,12.441678,-69.917442,17.0,,,,,,,,,,,,,,,,,,,,,,,,,,,2018-01-15 11:15:30,noise,AUA2.AX_20180115111530_NO
PB,B049,EH,40.2375,-123.8197,117.0,800.0,manual,0.44,14.56999969482422,1821.0,manual,0.0,nc72395330,2015-02-16 11:17:27.800000,,40.684,-124.6512,,,,11.1,,2.6,md,,,0.7757,86.1,305.2,[40.90000153 43.29999924 39.59999847],[[2386.]],2015-02-16 11:17:34.370000,earthquake_local,B049.PB_20150216111734_EV
TA,214A,HH,31.9559,-112.8115,543.0,,,,,,,,,,,,,,,,,,,,,,,,,,,2017-06-12 07:10:00,noise,214A.TA_201706120710_NO
7F,ARK2,EH,35.334099,-92.298203,212.0,,,,,,,,,,,,,,,,,,,,,,,,,,,2010-07-23 11:21:06,noise,ARK2.7F_20100723112106_NO
HV,AHUD,EH,19.371567,-155.263462,1051.0,700.0,manual,0.67,1.2000000476837158,790.0,manual,0.0,hv61696126,2017-04-14 16:22:58.850000,,19.37083,-155.2825,,,,2.85,,1.14,md,,,0.01799,2.0,267.7,[27.79999924 29.39999962 37.        ],[[1760.]],2017-04-14 16:22:53.050000,earthquake_local,AHUD.HV_20170414162252_EV
PB,B065,EH,36.743667,-121.474167,643.0,800.0,manual,0.54,6.550000190734863,1303.0,manual,0.0,nc71804725,2012-07-01 02:32:20.890000,,36.5671667,-121.117,0.06,49.0,0.22,9.9,0.43,1.48,md,NC,,0.3369,37.46,121.6,[29.60000038 30.5        27.39999962],[[2402.]],2012-07-01 02:32:19.440000,earthquake_local,B065.PB_20120701023218_EV
AV,AUCH,BH,59.3626,-153.4447,916.0,,,,,,,,,,,,,,,,,,,,,,,,,,,2018-01-15 18:58:54,noise,AUCH.AV_20180115185854_NO
AK,ATKA,BH,52.2016,-174.1975,55.0,1000.0,manual,1.0,26.82999992370605,2996.0,manual,0.0,usc000twba,2015-03-03 19:01:24.000000,0.76,52.2231,-176.0211,0.38,,,150.5,5.4,2.7,ml,,,1.12225,124.57,270.3788,[23.10000038 25.29999924 17.89999962],[[4253.]],2015-03-03 19:01:40.830000,earthquake_local,ATKA.AK_20150303190140_EV
AK,BERG,BH,60.3932,-143.700394,624.0,,,,,,,,,,,,,,,,,,,,,,,,,,,2018-01-15 11:36:13,noise,BERG.AK_20180115113613_NO
PB,B065,EH,36.743667,-121.474167,643.0,800.0,manual,0.54,9.010000228881836,1495.0,manual,0.0,nc71944695,2013-02-26 22:16:19.110000,,36.43683,-121.017,,,,6.81,,2.4,md,,,0.4793,53.23,129.9,[37.40000153 37.90000153 34.5       ],[[3199.]],2013-02-26 22:16:20.120000,earthquake_local,B065.PB_20130226221619_EV
HT,ALN,HH,40.885,26.046,110.0,800.0,manual,0.5,22.0,2717.0,manual,0.5,603914202,2013-01-14 04:47:11.20,1.0,39.6786,25.5274,0.538,61.634,3.01489,11.48,,2.0,ml,,,1.28,141.03,17.9,[18.20000076 13.19999981 11.60000038],[[5900.]],2013-01-14 04:47:25.200000,earthquake_local,ALN.HT_20130114044724_EV
PB,B013,EH,47.813,-122.9108,75.3,800.0,manual,1.0,9.170000076293944,1511.0,manual,1.0,uw60571116,2013-08-13 11:07:33.190000,,47.33917,-122.7085,,,,19.62,,0.8,md,,,0.4935,54.84,164.0,[18.89999962 18.20000076 21.10000038],[[1992.]],2013-08-13 11:07:34.360000,earthquake_local,B013.PB_20130813110733_EV
AV,AKGG,BH,54.1979,-165.9936,326.0,799.0,autopicker,0.94,1.781000018119812,927.0,autopicker,0.88,ak17183062,2017-11-12 00:33:10.689000,,54.1819,-166.0418,,,,3.9,,0.6,ml,,,0.032,3.62,240.41,[21.10000038 20.20000076 19.39999962],[[2110.]],2017-11-12 00:33:04.480000,earthquake_local,AKGG.AV_20171112003303_EV
AV,AKS,EH,54.1095,-165.6987,213.0,,,,,,,,,,,,,,,,,,,,,,,,,,,2018-01-15 09:12:18,noise,AKS.AV_20180115091218_NO
HV,ALEP,EH,19.541178,-155.644036,2894.0,803.0,autopicker,0.91,2.759999990463257,991.0,autopicker,0.81,hv60912941,2015-05-02 08:57:46.490000,,19.461,-155.595,,,,2.81,,0.73,md,,,0.0922,10.26,150.0,[18.70000076 15.5        21.20000076],[[2358.]],2015-05-02 08:57:41.220000,earthquake_local,ALEP.HV_20150502085740_EV
HL,ARG,BH,36.21356,28.12122,148.0,400.0,manual,0.5,12.350000381469728,1505.0,autopicker,0.81,13489673,2008-03-16 01:11:54.95,0.61,36.4093,28.8747,0.7475,124.633,5.9472,6.7,,3.4,md,,,0.64,71.07,252.5,[45.90000153 36.70000076 45.        ],[[3199.]],2008-03-16 01:12:03.300000,earthquake_local,ARG.HL_20080316011202_EV
HV,AHUD,EH,19.371567,-155.263462,1051.0,500.0,manual,0.66,2.640000104904175,726.0,manual,0.51,hv61839021,2017-07-17 19:46:35.040000,,19.309,-155.20933,,,,2.46,,2.35,ml,,,0.08054,8.96,140.8,[29.         31.         40.70000076],[[1904.]],2017-07-17 19:46:32.680000,earthquake_local,AHUD.HV_20170717194631_EV
HV,AHUD,EH,19.371567,-155.263462,1051.0,387.0,autopicker,0.87,1.600000023841858,559.0,autopicker,0.84,hv70410432,2018-07-12 04:42:16.110000,,19.42217,-155.27451,,,,0.91,,2.18,ml,,,0.0514,5.72,348.0,[19.89999962 24.10000038 29.        ],[[1462.]],2018-07-12 04:42:13.840000,earthquake_local,AHUD.HV_20180712044212_EV
HL,ARG,SH,36.21356,28.12122,148.0,500.0,manual,0.5,14.109999656677246,1688.0,autopicker,0.66,16148384,2010-11-01 15:43:59.19,1.07,36.9445,28.2518,0.8017,47.558,2.53634,3.19,,3.5,mb,,,0.73,81.95,188.0,[36.70000076 39.         39.20000076],[[5431.]],2010-11-01 15:44:08.300000,earthquake_local,ARG.HL_20101101154407_EV
NC,BPRB,HN,36.40721,-121.73067,738.0,,,,,,,,,,,,,,,,,,,,,,,,,,,2017-08-10 21:11:00,noise,BPRB.NC_201708102111_NO
AE,BABIT,HH,35.745548,-112.422218,1693.6,,,,,,,,,,,,,,,,,,,,,,,,,,,2018-01-16 03:35:36,noise,BABIT.AE_20180116033536_NO
AV,ANCK,BH,58.1981,-155.4961,869.0,,,,,,,,,,,,,,,,,,,,,,,,,,,2017-08-16 00:16:00,noise,ANCK.AV_201708160016_NO
HV,ALEP,EH,19.541178,-155.644036,2894.0,700.0,manual,0.67,3.140000104904175,916.0,manual,0.51,hv61719366,2017-04-28 14:00:28.780000,,19.43233,-155.61067,,,,2.86,,2.44,ml,,,0.1128,12.55,163.9,[49.  50.  47.5],[[2264.]],2017-04-28 14:00:24.920000,earthquake_local,ALEP.HV_20170428140023_EV
HV,AHUD,EH,19.371567,-155.263462,1051.0,903.0,autopicker,0.91,1.2899999618530271,1024.0,autopicker,0.98,hv70239937,2018-06-06 15:57:29.220000,,19.39783,-155.2765,,,,1.53,,2.14,ml,,,0.02888,3.21,334.0,[21.20000076 20.5        28.29999924],[[2290.]],2018-06-06 15:57:21.480000,earthquake_local,AHUD.HV_20180606155720_EV
AE,BABIT,HH,35.745548,-112.422218,1693.6,,,,,,,,,,,,,,,,,,,,,,,,,,,2018-01-16 18:35:06,noise,BABIT.AE_20180116183506_NO
AV,AMKA,BH,51.3771,179.3,116.0,600.0,manual,0.95,7.425000190734863,1213.8,manual,0.67,ak012ais73gw,2012-08-16 03:57:48.641000,,51.0532,179.2583,0.33,,0.0,15.8,0.8,2.4,ml,,,0.325,36.15,184.6,[37.40000153 36.79999924 29.20000076],[[2489.]],2012-08-16 03:57:50.066000,earthquake_local,AMKA.AV_20120816035749_EV
IC,BJT,BH,40.0183,116.1679,197.0,,,,,,,,,,,,,,,,,,,,,,,,,,,2018-01-15 02:49:24,noise,BJT.IC_20180115024924_NO
PB,B039,EH,41.4667,-122.4847,923.9,400.0,manual,0.0,9.420000076293944,1093.0,manual,0.59,nc72642911,2016-05-29 02:42:12.620000,,41.91633,-122.30533,,,,15.45,,1.67,md,,,0.4703,52.12,16.6,[25.29999924 25.39999962 16.39999962],[[2321.]],2016-05-29 02:42:18.040000,earthquake_local,B039.PB_20160529024217_EV
GM,AC07,HH,37.428138,-122.175692,32.0,,,,,,,,,,,,,,,,,,,,,,,,,,,2017-10-09 07:39:00,noise,AC07.GM_201710090739_NO
C1,AP01,HH,-18.3708,-70.3419,31.0,,,,,,,,,,,,,,,,,,,,,,,,,,,2014-11-05 21:43:00,noise,AP01.C1_201411052143_NO
HV,AIND,HH,19.372067,-155.457228,1524.0,700.0,manual,0.64,9.550000190734863,1335.0,manual,0.0,hv61841971,2017-07-20 08:08:32.250000,,19.88617,-155.59033,,,,26.2,,1.91,md,,,0.5266,58.6,346.3,[17.20000076 11.39999962 12.39999962],[[3199.]],2017-07-20 08:08:34.800000,earthquake_local,AIND.HV_20170720080833_EV
HP,AMT,HH,37.5324,21.7089,482.0,500.0,manual,0.5,8.5600004196167,1070.0,manual,0.5,14757480,2010-04-24 20:56:53.04,0.83,37.8509,22.0641,0.5116,63.098,2.30647,11.41,,2.9,ml,,,0.42,47.23,221.7,[39.90000153 35.         46.20000076],[[2645.]],2010-04-24 20:56:56.600000,earthquake_local,AMT.HP_20100424205655_EV
C1,AP01,HH,-18.3708,-70.3419,31.0,,,,,,,,,,,,,,,,,,,,,,,,,,,2016-03-26 19:32:00,noise,AP01.C1_201603261932_NO
AT,AKUT,BH,54.13517,-165.77185,19.2,400.0,manual,0.5,14.829999923706056,1351.0,manual,0.5,603987882,2013-09-17 21:36:59.89,1.23,53.8346,-164.7661,1.2808,182.327,,72.25,,4.0,mb,,,0.67,73.97,297.3,[60.29999924 60.         51.70000076],[[4404.]],2013-09-17 21:37:10.720000,earthquake_local,AKUT.AT_20130917213709_EV
HV,AHUD,EH,19.371567,-155.263462,1051.0,397.0,autopicker,0.9,1.5499999523162842,564.0,autopicker,0.53,hv70450172,2018-07-20 12:37:00.780000,,19.41233,-155.2785,,,,0.78,,1.84,ml,,,0.04297,4.78,340.0,[27.10000038 25.89999962 27.79999924],[[1461.]],2018-07-20 12:36:58.360000,earthquake_local,AHUD.HV_20180720123657_EV
PB,B065,EH,36.743667,-121.474167,643.0,600.0,manual,0.68,1.2599999904632568,701.0,manual,0.51,nc71508870,2011-01-12 08:54:00.580000,,36.773,-121.4971667,0.2,36.0,0.25,6.18,0.41,1.94,md,NC,,0.03514,3.85,327.9,[30.29999924 32.5        31.20000076],[[1092.]],2011-01-12 08:53:55.840000,earthquake_local,B065.PB_20110112085354_EV
PB,B066,EH,36.857533,-121.592167,67.0,400.0,manual,0.68,4.960000038146973,812.0,autopicker,0.6,nc71502595,2010-12-29 03:30:55.950000,,37.105,-121.574,,176.0,,3.2,0.49,2.1,md,,,0.2486,27.56,3.2,[40.29999924 35.29999924 33.09999847],[[1666.]],2010-12-29 03:30:56.910000,earthquake_local,B066.PB_20101229033055_EV
7F,ARK2,EH,35.3341,-92.2982,212.0,,,,,,,,,,,,,,,,,,,,,,,,,,,2011-01-27 10:08:00,noise,ARK2.7F_201101271008_NO
AV,AUSB,BH,59.333,-153.4284,230.0,500.0,manual,0.95,12.520000457763672,1507.4,manual,0.44,ak16383466,2017-07-30 03:39:59.385000,,59.5741,-152.7075,,,,77.3,,1.6,ml,,,0.439,48.92,56.96,[33.20000076 27.         28.79999924],[[2244.]],2017-07-30 03:40:06.905000,earthquake_local,AUSB.AV_20170730034005_EV
MN,AQU,HH,42.354,13.405,710.0,900.0,manual,0.5,23.600000381469727,3025.0,manual,0.5,3516222,2002-10-31 22:56:55.04,0.37,41.7729,14.9064,1.3354,61.598,3.3717,10.39,,3.3,ml,,,1.26,140.03,297.9,[18.60000038 20.10000038 21.89999962],[[5900.]],2002-10-31 22:57:09.640000,earthquake_local,AQU.MN_20021031225708_EV
HV,AHUD,EH,19.371567,-155.263462,1051.0,,,,,,,,,,,,,,,,,,,,,,,,,,,2013-03-31 19:32:00,noise,AHUD.HV_201303311932_NO
CO,BIRD,HH,34.645,-80.4615,132.0,,,,,,,,,,,,,,,,,,,,,,,,,,,2018-01-16 06:16:36,noise,BIRD.CO_20180116061636_NO
GM,AC07,HH,37.428138,-122.175692,32.0,,,,,,,,,,,,,,,,,,,,,,,,,,,2017-10-08 15:56:00,noise,AC07.GM_201710081556_NO
7F,ARK1,EH,35.266602,-92.403503,176.0,,,,,,,,,,,,,,,,,,,,,,,,,,,2010-07-30 18:06:24,noise,ARK1.7F_20100730180624_NO
PB,B040,EH,41.8308,-122.40383,820.0,,,,,,,,,,,,,,,,,,,,,,,,,,,2013-04-18 11:31:00,noise,B040.PB_201304181131_NO
AE,113A,HH,32.768299,-113.766701,118.0,,,,,,,,,,,,,,,,,,,,,,,,,,,2018-01-16 08:37:18,noise,113A.AE_20180116083718_NO
PB,B058,EH,36.7995,-121.5808,114.0,,,,,,,,,,,,,,,,,,,,,,,,,,,2010-04-12 06:14:00,noise,B058.PB_201004120614_NO
PB,B065,EH,36.743667,-121.474167,643.0,400.0,manual,0.63,4.519999980926514,745.0,manual,0.55,nc72297686,2014-09-13 05:54:39.740000,,36.62167,-121.23083,,,,6.19,,0.9,md,,,0.2306,25.62,122.0,[26.5        27.29999924 22.10000038],[[1876.]],2014-09-13 05:54:40.260000,earthquake_local,B065.PB_20140913055439_EV
CI,BFS,HH,34.238831,-117.658531,1312.0,,,,,,,,,,,,,,,,,,,,,,,,,,,2018-01-15 05:19:12,noise,BFS.CI_20180115051912_NO
AK,ATKA,BH,52.2016,-174.1975,55.0,700.0,manual,0.5,28.32999992370605,2721.0,autopicker,0.78,604087246,2014-03-02 16:10:25.59,1.11,50.9613,-176.0288,0.9612,227.536,,28.0,,4.0,mb,,,1.69,187.49,41.9,[15.30000019 23.60000038  9.69999981],[[5356.]],2014-03-02 16:10:46.920000,earthquake_local,ATKA.AK_20140302161045_EV
PB,B011,EH,48.649543,-123.448192,22.0,600.0,manual,1.0,4.340000152587891,940.0,manual,0.96,uw60406847,2012-05-27 21:57:20.790000,,48.6373,-123.1257,,159.0,,12.7,0.68,0.38,md,,[[110.  85. 110.]],0.2143,23.81,93.0,[20.5        24.         19.29999924],[[1791.]],2012-05-27 21:57:19.130000,earthquake_local,B011.PB_20120527215718_EV
PB,B058,EH,36.7995,-121.5808,114.2,600.0,manual,0.73,3.4600000381469727,852.0,manual,0.53,nc72808421,2017-05-30 22:45:56.340000,,36.95883,-121.58267,,,,5.6,,1.6,md,,,0.159,17.68,359.5,[36.70000076 35.29999924 29.5       ],[[1669.]],2017-05-30 22:45:53.800000,earthquake_local,B058.PB_20170530224552_EV
AV,ANPB,EH,56.8016,-158.2829,658.0,,,,,,,,,,,,,,,,,,,,,,,,,,,2018-01-16 02:25:36,noise,ANPB.AV_20180116022536_NO
PB,B065,EH,36.743667,-121.474167,643.0,800.0,manual,0.68,2.109999895095825,943.0,manual,0.0,nc71529980,2011-02-28 17:18:48.400000,,36.7835,-121.4128333,0.21,70.0,0.64,10.38,0.89,0.97,md,NC,,0.06306,7.04,51.0,[30.79999924 31.10000038 27.60000038],[[2172.]],2011-02-28 17:18:42.510000,earthquake_local,B065.PB_20110228171841_EV
TA,218A,BH,31.9737,-110.0464,1486.0,,,,,,,,,,,,,,,,,,,,,,,,,,,2007-07-08 06:48:00,noise,218A.TA_200707080648_NO
PB,B024,EH,45.6378,-123.8558,37.7,400.0,manual,1.0,8.640000343322754,1043.0,manual,0.85,uw61130367,2016-04-25 13:04:03.060000,,45.44867,-123.31867,,,,19.83,,1.69,ml,,,0.4222,46.92,116.9,[27.70000076 29.         18.5       ],[[1933.]],2016-04-25 13:04:07.700000,earthquake_local,B024.PB_20160425130406_EV
NC,BPRB,HN,36.40721,-121.73067,738.0,,,,,,,,,,,,,,,,,,,,,,,,,,,2017-10-12 09:33:00,noise,BPRB.NC_201710120933_NO
PB,B046,EH,40.32197,-124.2843,44.0,500.0,manual,0.64,4.760000228881836,874.0,manual,0.64,nc72468091,2015-06-18 06:47:58.430000,,40.375,-124.49267,,,,17.45,,1.82,md,,,0.1676,18.66,288.5,[42.         47.         39.20000076],[[1478.]],2015-06-18 06:47:58.190000,earthquake_local,B046.PB_20150618064757_EV
C1,AY03,HH,-47.253042,-72.590769,206.5,,,,,,,,,,,,,,,,,,,,,,,,,,,2018-01-15 06:08:54,noise,AY03.C1_20180115060854_NO
HV,AHUD,EH,19.371567,-155.263462,1051.0,899.0,autopicker,0.89,1.6200000047683716,1048.0,autopicker,0.53,hv70453052,2018-07-21 02:49:40.540000,,19.4105,-155.27983,,,,1.08,,2.36,ml,,,0.0417,4.64,338.0,[34.40000153 31.5        33.09999847],[[2394.]],2018-07-21 02:49:33.170000,earthquake_local,AHUD.HV_20180721024932_EV
LD,ASNY,HH,44.39812,-73.8103,330.0,,,,,,,,,,,,,,,,,,,,,,,,,,,2017-09-20 04:57:00,noise,ASNY.LD_201709200457_NO
PB,B058,EH,36.7995,-121.5808,114.0,,,,,,,,,,,,,,,,,,,,,,,,,,,2016-12-10 11:34:00,noise,B058.PB_201612101134_NO
PB,B013,EH,47.813,-122.9108,75.3,800.0,manual,0.99,1.6200000047683716,976.0,manual,0.97,uw60812071,2014-06-18 16:08:10.490000,,47.81417,-123.032,,,,4.55,,0.26,md,,,0.0817,9.08,270.8,[13.10000038 14.          2.9000001 ],[[1421.]],2014-06-18 16:08:04.110000,earthquake_local,B013.PB_20140618160803_EV
AV,AMKA,BH,51.3771,179.3,116.0,,,,,,,,,,,,,,,,,,,,,,,,,,,2018-01-16 18:19:00,noise,AMKA.AV_20180116181900_NO
PB,B049,EH,40.2375,-123.8197,117.0,400.0,manual,0.74,5.099999904632568,810.0,manual,0.62,nc72503886,2015-08-10 07:02:49.670000,,40.07517,-123.741,,,,20.45,,1.83,md,,,0.173,19.23,159.7,[56.5        54.70000076 45.59999847],[[1402.]],2015-08-10 07:02:50.770000,earthquake_local,B049.PB_20150810070249_EV
PB,B023,EH,46.1112,-123.0787,177.4,700.0,manual,0.5,19.43000030517578,2215.0,autopicker,0.88,606596171,2015-01-26 02:36:35.71,0.77,46.8462,-121.9254,0.9159,22.55,2.08232,11.58,,2.6,ml,,,1.08,120.49,227.7,[25.60000038 32.70000076 24.10000038],[[5900.]],2015-01-26 02:36:48.140000,earthquake_local,B023.PB_20150126023647_EV
HV,AHUD,EH,19.371567,-155.263462,1051.0,404.0,autopicker,0.9,1.1399999856948853,496.0,autopicker,0.75,hv70104886,2018-05-02 01:20:14.990000,,19.384,-155.284,,,,1.43,,1.99,ml,,,0.023,2.56,302.0,[20.5        24.39999962 23.20000076],[[1176.]],2018-05-02 01:20:12.090000,earthquake_local,AHUD.HV_20180502012011_EV
PB,B065,EH,36.743667,-121.474167,643.0,800.0,manual,0.65,2.869999885559082,1016.0,manual,0.0,nc71964205,2013-04-01 08:00:43.050000,,36.85083,-121.58617,,,,5.07,,0.7,md,,,0.1396,15.54,320.1,[21.89999962 23.70000076 19.5       ],[[1632.]],2013-04-01 08:00:37.920000,earthquake_local,B065.PB_20130401080036_EV
TA,B05D,BH,48.2641,-122.096,153.0,400.0,manual,1.0,5.909999847412109,810.0,manual,0.7,uw60431936,2012-06-22 07:35:47.610000,,48.2416667,-121.6638333,0.2,86.0,0.45,5.84,0.98,0.92,md,UW,,0.2897,32.19,94.6,[19.89999962 16.39999962 21.20000076],[[2440.]],2012-06-22 07:35:49.520000,earthquake_local,B05D.TA_20120622073548_EV
PB,B001,EH,48.04307,-123.13141,237.0,900.0,manual,1.0,4.199999809265137,1250.0,manual,1.0,uw60744236,2014-04-18 12:23:38.230000,,47.97817,-122.91217,,,,19.87,,0.9,md,,,0.1609,17.88,114.0,[17.79999924 14.10000038 13.80000019],[[1913.]],2014-04-18 12:23:33.430000,earthquake_local,B001.PB_20140418122332_EV
HV,AIND,HH,19.372067,-155.457228,1524.0,800.0,manual,0.64,9.279999732971191,1549.0,manual,0.0,hv61819166,2017-07-01 09:42:38.880000,,18.8925,-155.2855,,,,12.16,,1.55,md,,,0.5039,56.08,161.3,[22.20000076 15.39999962 15.69999981],[[3199.]],2017-07-01 09:42:40.160000,earthquake_local,AIND.HV_20170701094239_EV
GO,AKH,HH,41.41,43.4929,1720.0,,,,,,,,,,,,,,,,,,,,,,,,,,,2012-09-30 20:10:00,noise,AKH.GO_201209302010_NO
PB,B045,EH,40.436,-123.9965,29.4,500.0,manual,0.58,9.239999771118164,1216.0,manual,0.58,nc71690070,2011-12-10 06:51:44.500000,,40.769,-124.3583333,0.05,203.0,0.37,19.34,0.51,2.14,md,NC,,0.4324,48.01,320.5,[56.         52.90000153 42.79999924],[[1676.]],2011-12-10 06:51:48.740000,earthquake_local,B045.PB_20111210065147_EV
CN,A16,HH,47.468,-70.0096,13.0,,,,,,,,,,,,,,,,,,,,,,,,,,,2018-01-15 21:09:06,noise,A16.CN_20180115210906_NO
AT,AKUT,BH,54.13517,-165.77185,19.2,,,,,,,,,,,,,,,,,,,,,,,,,,,2008-02-01 10:21:00,noise,AKUT.AT_200802011021_NO
CI,ADO,HH,34.550461,-117.433907,908.0,,,,,,,,,,,,,,,,,,,,,,,,,,,2018-01-16 22:19:48,noise,ADO.CI_20180116221948_NO
AV,ACH,BH,58.21,-155.3281,960.0,,,,,,,,,,,,,,,,,,,,,,,,,,,2018-01-15 03:01:18,noise,ACH.AV_20180115030118_NO
ZQ,AAM2,HH,-26.473,27.491,1555.2,,,,,,,,,,,,,,,,,,,,,,,,,,,2008-05-12 19:45:00,noise,AAM2.ZQ_200805121945_NO
PB,B011,EH,48.649543,-123.448192,22.0,600.0,manual,1.0,4.409999847412109,929.0,manual,0.99,uw61046046,2015-06-24 20:33:01.020000,,48.7285,-123.18167,,,,16.51,,0.54,md,,,0.1935,21.5,65.8,[28.         25.29999924 23.70000076],[[1653.]],2015-06-24 20:32:59.430000,earthquake_local,B011.PB_20150624203258_EV
C1,AP01,HH,-18.3708,-70.3419,31.0,,,,,,,,,,,,,,,,,,,,,,,,,,,2017-11-18 18:29:00,noise,AP01.C1_201711181829_NO
LD,ALLY,HH,41.6492,-80.144798,390.0,,,,,,,,,,,,,,,,,,,,,,,,,,,2018-01-16 19:08:42,noise,ALLY.LD_20180116190842_NO
NC,BPRB,HN,36.40721,-121.73067,738.0,,,,,,,,,,,,,,,,,,,,,,,,,,,2018-07-09 04:17:00,noise,BPRB.NC_201807090417_NO
TA,148A,BH,32.6469,-87.571,63.0,,,,,,,,,,,,,,,,,,,,,,,,,,,2012-09-24 10:13:00,noise,148A.TA_201209241013_NO
AT,AKUT,BH,54.13517,-165.77185,19.2,700.0,manual,0.74,14.053000450134276,1749.9,manual,0.94,ak16329701,2017-07-12 10:55:38.135000,,54.0647,-164.7992,,,,69.4,,1.7,ml,,,0.575,64.11,97.44,[22.60000038 19.60000038  8.30000019],[[2512.]],2017-07-12 10:55:45.188000,earthquake_local,AKUT.AT_20170712105544_EV
HV,AIND,HH,19.372067,-155.457228,1524.0,800.0,manual,0.58,6.980000019073486,1320.0,manual,0.0,hv61787336,2017-06-05 12:24:12.650000,,19.127,-155.42283,,,,37.46,,1.74,md,,,0.2459,27.37,172.5,[16.79999924 17.10000038 12.10000038],[[2184.]],2017-06-05 12:24:11.630000,earthquake_local,AIND.HV_20170605122410_EV
DK,ANGG,HH,65.616302,-37.6371,9.0,,,,,,,,,,,,,,,,,,,,,,,,,,,2018-01-15 22:02:18,noise,ANGG.DK_20180115220218_NO
PB,B023,EH,46.1112,-123.0787,177.4,700.0,manual,0.85,8.819999694824219,1406.0,manual,0.83,uw60431316,2012-06-20 21:07:02.260000,,46.0398333,-122.3983333,0.15,201.0,0.78,17.82,1.09,1.09,md,UW,,0.479,53.23,98.8,[17.         14.39999962 13.        ],[[2180.]],2012-06-20 21:07:04.080000,earthquake_local,B023.PB_20120620210703_EV
CN,A11,HH,47.2431,-70.1969,55.0,,,,,,,,,,,,,,,,,,,,,,,,,,,2018-01-15 09:00:24,noise,A11.CN_20180115090024_NO
HL,ATH,HH,37.97384,23.71767,93.0,800.0,manual,0.5,5.730000019073486,1115.0,manual,0.5,601815418,2012-03-13 19:58:42.27,0.87,37.7908,23.9374,0.5026,71.908,3.31742,11.66,,2.9,ml,,,0.25,28.04,316.1,[38.         31.79999924 34.70000076],[[2860.]],2012-03-13 19:58:40,earthquake_local,ATH.HL_20120313195839_EV
HV,AHUD,EH,19.371567,-155.263462,1051.0,601.0,autopicker,0.91,1.409999966621399,703.0,autopicker,1.0,hv70492112,2018-07-29 07:05:51.850000,,19.4085,-155.26283,,,,1.38,,2.11,ml,,,0.03675,4.09,2.0,[31.60000038 29.39999962 39.79999924],[[1610.]],2018-07-29 07:05:47.250000,earthquake_local,AHUD.HV_20180729070546_EV
KO,BALB,HH,39.639999,27.879999,120.0,,,,,,,,,,,,,,,,,,,,,,,,,,,2018-01-15 11:23:54,noise,BALB.KO_20180115112354_NO
AV,ACH,BH,58.21,-155.3281,960.0,,,,,,,,,,,,,,,,,,,,,,,,,,,2018-01-16 20:01:12,noise,ACH.AV_20180116200112_NO
7F,ARK1,EH,35.266602,-92.403503,176.0,,,,,,,,,,,,,,,,,,,,,,,,,,,2010-07-28 05:19:54,noise,ARK1.7F_20100728051954_NO
PB,B017,EH,46.996,-123.5575,33.9,500.0,manual,1.0,7.699999809265137,1118.0,manual,0.88,uw60988631,2015-03-24 20:41:42.680000,,47.24417,-123.49483,,,,41.46,,1.68,ml,,,0.2519,28.0,9.7,[18.60000038 24.70000076 11.80000019],[[2061.]],2015-03-24 20:41:45.380000,earthquake_local,B017.PB_20150324204144_EV
C1,AC05,HH,-28.836377,-70.273777,1227.0,900.0,manual,0.5,17.549999237060547,2143.0,manual,0.5,607181357,2015-03-21 16:31:29.51,0.7,-28.7373,-69.7345,1.532,81.535,,107.06,,4.0,mb,,,0.48,53.79,258.1,[75.40000153 75.69999695 75.30000305],[[5900.]],2015-03-21 16:31:38.060000,earthquake_local,AC05.C1_20150321163137_EV
AK,ATKA,BH,52.2016,-174.1975,55.0,600.0,manual,0.95,9.227999687194824,1368.9,manual,0.64,ak011dgvhfhc,2011-10-20 18:51:04.968000,,51.803,-174.5295,0.47,,0.0,21.1,5.5,2.4,ml,,,0.45,49.87,207.09,[23.39999962 29.10000038 18.79999924],[[2299.]],2011-10-20 18:51:08.196000,earthquake_local,ATKA.AK_20111020185107_EV
PB,B001,EH,48.04307,-123.13141,237.0,600.0,manual,1.0,9.56999969482422,1357.0,manual,1.0,uw61020971,2015-05-22 07:13:58.310000,,48.46683,-123.22067,,,,41.43,,1.97,ml,,,0.4283,47.58,352.0,[42.59999847 41.29999924 29.        ],[[2023.]],2015-05-22 07:14:01.880000,earthquake_local,B001.PB_20150522071400_EV
HV,AHUD,EH,19.371567,-155.263462,1051.0,600.0,manual,0.6,1.4700000286102295,702.0,manual,0.57,hv61657781,2017-03-23 16:15:42.310000,,19.35867,-155.29233,,,,2.42,,1.28,md,,,0.03013,3.35,244.7,[25.         30.29999924 30.89999962],[[1607.]],2017-03-23 16:15:37.780000,earthquake_local,AHUD.HV_20170323161536_EV
GM,AA12,HN,39.53523,-121.4669,385.0,,,,,,,,,,,,,,,,,,,,,,,,,,,2017-09-27 20:47:00,noise,AA12.GM_201709272047_NO
PB,B058,EH,36.7995,-121.5808,114.0,,,,,,,,,,,,,,,,,,,,,,,,,,,2012-11-01 09:37:00,noise,B058.PB_201211010937_NO
TA,A21K,BH,71.3221,-156.6175,5.0,,,,,,,,,,,,,,,,,,,,,,,,,,,2014-06-29 08:39:00,noise,A21K.TA_201406290839_NO
PB,B935,EH,40.4787,-123.5732,697.0,,,,,,,,,,,,,,,,,,,,,,,,,,,2014-06-15 03:56:00,noise,B935.PB_201406150356_NO
KO,BALB,HH,39.639999,27.879999,120.0,,,,,,,,,,,,,,,,,,,,,,,,,,,2018-01-15 12:15:00,noise,BALB.KO_20180115121500_NO
NI,ACOM,HH,46.548,13.5137,1788.0,800.0,manual,0.5,18.520000457763672,2120.0,manual,0.5,15995064,2011-01-29 06:11:58.88,1.03,47.1462,14.6394,0.5402,59.0,2.60182,6.11,,1.8,mb,,,0.98,108.6,232.7,[25.39999962 26.39999962 26.79999924],[[3156.]],2011-01-29 06:12:09.400000,earthquake_local,ACOM.NI_20110129061208_EV
C1,AP01,HH,-18.3708,-70.3419,31.0,,,,,,,,,,,,,,,,,,,,,,,,,,,2018-01-16 05:22:00,noise,AP01.C1_20180116052200_NO
KZ,AKTO,BH,50.434799,58.016399,379.0,,,,,,,,,,,,,,,,,,,,,,,,,,,2018-01-15 22:51:18,noise,AKTO.KZ_20180115225118_NO
HV,AIND,HH,19.372067,-155.457228,1524.0,600.0,manual,0.62,3.0299999713897705,834.0,manual,0.54,hv61024601,2015-08-30 18:01:46.400000,,19.28867,-155.3865,,,,3.34,,1.17,md,,,0.1065,11.85,141.3,[34.20000076 26.60000038 19.79999924],[[1646.]],2015-08-30 18:01:43.430000,earthquake_local,AIND.HV_20150830180142_EV
HV,AHUD,EH,19.371567,-155.263462,1051.0,536.0,autopicker,0.91,1.1699999570846558,629.0,autopicker,0.95,hv70291771,2018-06-20 00:46:36.270000,,19.397,-155.27133,,,,1.05,,1.73,ml,,,0.02637,2.93,343.0,[26.39999962 23.5        22.5       ],[[1444.]],2018-06-20 00:46:32.080000,earthquake_local,AHUD.HV_20180620004631_EV
AK,ATKA,BH,52.2016,-174.1975,55.0,600.0,manual,0.7,15.380000114440918,1858.0,manual,0.83,ak012b4johkw,2012-08-29 19:52:56.327000,,51.4133,-174.6176,0.32,,0.0,13.7,9.1,1.9,ml,,,0.83,92.37,198.07,[13.19999981 16.          5.30000019],[[3199.]],2012-08-29 19:53:05.707000,earthquake_local,ATKA.AK_20120829195304_EV
AV,AUI,EH,59.3345,-153.4299,293.0,600.0,manual,0.73,13.482999801635742,1647.8,manual,0.69,ak0123bcu2a6,2012-03-12 17:03:29.747000,,59.1431,-152.1431,0.63,,0.0,56.4,0.1,2.3,ml,,,0.685,76.48,106.77,[32.09999847 22.5        22.10000038],[[2391.]],2012-03-12 17:03:37.230000,earthquake_local,AUI.AV_20120312170336_EV
PB,B047,EH,40.25047,-124.17133,80.0,700.0,manual,0.63,6.300000190734863,1172.0,manual,0.0,nc73008506,2018-04-29 23:37:26.780000,,40.49367,-124.31433,,,,19.13,,1.98,md,,,0.2664,29.61,335.8,[46.29999924 45.20000076 44.59999847],[[1765.]],2018-04-29 23:37:26.080000,earthquake_local,B047.PB_20180429233725_EV
NC,BPRB,HN,36.40721,-121.73067,738.0,,,,,,,,,,,,,,,,,,,,,,,,,,,2018-05-25 01:07:00,noise,BPRB.NC_201805250107_NO
HL,ARG,SH,36.21356,28.12122,148.0,800.0,manual,0.5,8.550000190734863,1380.0,manual,0.5,12667148,2007-05-31 15:35:19.45,0.29,36.127,28.3839,0.8107,47.701,4.4497,51.76,,3.1,mw,,,0.23,25.51,293.1,[44.         38.90000153 37.90000153],[[5900.]],2007-05-31 15:35:20,earthquake_local,ARG.HL_20070531153519_EV
C1,AP01,HH,-18.3708,-70.3419,31.0,,,,,,,,,,,,,,,,,,,,,,,,,,,2016-07-01 16:42:00,noise,AP01.C1_201607011642_NO
CI,ALP,HH,34.68708,-118.29946,753.0,595.0,autopicker,0.88,6.800000190734863,1089.0,autopicker,0.66,ci37385071,2016-06-13 05:47:29.030000,,35.004,-118.48783,,,,8.42,,1.71,ml,,,0.3521,39.15,333.9,[7.5999999 6.9000001 6.       ],[[3166.]],2016-06-13 05:47:29.880000,earthquake_local,ALP.CI_20160613054728_EV
EC,ANTS,HH,-0.4973,-78.170403,4580.0,,,,,,,,,,,,,,,,,,,,,,,,,,,2018-01-16 18:12:00,noise,ANTS.EC_20180116181200_NO
7F,ARK1,EH,35.2666,-92.4035,176.0,,,,,,,,,,,,,,,,,,,,,,,,,,,2011-11-07 04:33:00,noise,ARK1.7F_201111070433_NO
PB,B045,EH,40.436,-123.9965,29.4,700.0,manual,0.69,6.010000228881836,1179.0,manual,0.54,nc71556856,2011-04-12 12:16:37.650000,,40.4048333,-124.2875,0.13,188.0,1.03,25.23,0.85,2.17,md,NC,,0.2243,24.94,262.0,[43.20000076 41.70000076 34.5       ],[[1810.]],2011-04-12 12:16:36.660000,earthquake_local,B045.PB_20110412121635_EV
AV,AKMO,BH,54.0903,-166.0126,277.0,600.0,manual,0.5,13.199999809265137,1583.0,manual,0.5,602917795,2013-04-24 10:56:43.80,1.65,53.6404,-165.103,1.2272,156.89,9.65022,34.67,,4.2,mb,,,0.7,78.03,310.4,[47.59999847 48.5        40.79999924],[[4758.]],2013-04-24 10:56:51,earthquake_local,AKMO.AV_20130424105650_EV
HV,ALEP,EH,19.541178,-155.644036,2894.0,800.0,manual,0.63,3.630000114440918,1070.0,manual,0.0,hv61226231,2016-04-09 07:30:35.080000,,19.5055,-155.49683,,,,3.45,,0.83,md,,,0.1433,15.95,104.4,[18.79999924 22.10000038 23.89999962],[[2679.]],2016-04-09 07:30:30.710000,earthquake_local,ALEP.HV_20160409073029_EV
PB,B076,EH,35.9398,-120.4248,445.0,,,,,,,,,,,,,,,,,,,,,,,,,,,2010-12-04 07:22:00,noise,B076.PB_201012040722_NO
PB,B054,EH,37.8602,-122.1995,405.6,900.0,manual,0.6,4.820000171661377,1292.0,manual,0.54,nc72547085,2015-11-01 04:39:17.300000,,37.79567,-121.96883,,,,8.65,,1.6,md,,,0.1937,21.53,109.6,[26.         29.29999924 26.39999962],[[1951.]],2015-11-01 04:39:13.120000,earthquake_local,B054.PB_20151101043912_EV
GL,AMC,HH,16.04768,-61.665901,1346.0,,,,,,,,,,,,,,,,,,,,,,,,,,,2018-01-16 02:50:48,noise,AMC.GL_20180116025048_NO
PB,B045,EH,40.436,-123.9965,29.4,600.0,manual,0.82,15.369999885559082,1624.0,manual,0.0,nc72383101,2015-01-19 10:19:16.260000,,41.124,-124.48083,,,,6.78,,2.16,md,,,0.7811,86.65,331.9,[49.40000153 43.59999847 34.29999924],[[2232.]],2015-01-19 10:19:25.630000,earthquake_local,B045.PB_20150119101924_EV
HV,AIND,HH,19.372067,-155.457228,1524.0,400.0,manual,0.64,3.819999933242798,714.0,manual,0.0,hv61782936,2017-06-02 19:56:27.490000,,19.429,-155.31367,,,,5.69,,2.09,ml,,,0.1469,16.34,67.2,[36.59999847 48.59999847 32.        ],[[1899.]],2017-06-02 19:56:27.310000,earthquake_local,AIND.HV_20170602195626_EV
CN,BFSB,HH,48.8336,-125.136,33.0,,,,,,,,,,,,,,,,,,,,,,,,,,,2018-01-15 04:03:36,noise,BFSB.CN_20180115040336_NO
HL,ATH,HH,37.97384,23.71767,93.0,400.0,manual,0.5,26.850000381469727,3003.0,autopicker,0.62,600733000,2012-01-04 03:08:19.69,0.73,37.9538,21.6836,1.0876,43.692,2.20437,20.29,,3.6,mb,,,1.61,178.76,88.7,[19.         10.60000038 14.39999962],[[5900.]],2012-01-04 03:08:42.540000,earthquake_local,ATH.HL_20120104030841_EV
PB,B013,EH,47.813,-122.9108,75.3,400.0,manual,1.0,2.7100000381469727,668.0,manual,1.0,uw60731646,2014-03-28 11:08:57.310000,,47.749,-122.72183,,,,4.6,,0.34,md,,,0.1426,15.85,116.8,[21.29999924 23.39999962 19.10000038],[[1172.]],2014-03-28 11:08:56.020000,earthquake_local,B013.PB_20140328110855_EV
AK,BCP,BH,59.9534,-139.636902,421.8,,,,,,,,,,,,,,,,,,,,,,,,,,,2018-01-15 04:38:36,noise,BCP.AK_20180115043836_NO
PB,B013,EH,47.813,-122.9108,75.3,400.0,manual,0.57,9.4399995803833,1129.0,manual,0.61,uw61207776,2016-09-13 15:34:32.710000,,47.8015,-122.151,,47.0,,23.9,0.9,2.0,md,,[[85. 35. 50.]],0.5123,56.93,91.6,[21.          9.          4.19999981],[[3199.]],2016-09-13 15:34:38.150000,earthquake_local,B013.PB_20160913153437_EV
TA,A21K,BH,71.3221,-156.6175,5.0,,,,,,,,,,,,,,,,,,,,,,,,,,,2014-08-30 08:53:00,noise,A21K.TA_201408300853_NO
AV,AKSA,BH,54.1095,-165.6987,213.0,500.0,manual,0.1,27.61000061035156,2690.0,manual,0.68,usc000t90b,2014-12-22 01:31:54.530000,,54.0039,-162.8588,,,,27.4,,4.7,mb,,,1.67755,186.21,94.765,[53.40000153 47.09999847 37.5       ],[[4547.]],2014-12-22 01:32:17.140000,earthquake_local,AKSA.AV_20141222013217_EV
DK,ANGG,HH,65.616302,-37.6371,9.0,,,,,,,,,,,,,,,,,,,,,,,,,,,2018-01-15 18:23:54,noise,ANGG.DK_20180115182354_NO
HV,AHUD,EH,19.371567,-155.263462,1051.0,697.0,autopicker,0.83,1.6200000047683716,865.0,autopicker,0.81,hv70470697,2018-07-24 17:43:58.070000,,19.42233,-155.26883,,,,1.26,,1.7,md,,,0.05075,5.65,354.0,[13.30000019 14.69999981 23.        ],[[2066.]],2018-07-24 17:43:52.720000,earthquake_local,AHUD.HV_20180724174351_EV
ZQ,AAM3,HH,-26.374,27.416,1597.1,902.2,autopicker,0.84,1.4500000476837158,989.2,autopicker,0.76,445432,2007-07-16 16:20:23.400,1.49,-26.445,27.432,0.7,237.0,,2.0,,1.4,ml,,,0.0723,8.03,168.5324,[28.20000076 29.29999924 21.70000076],[[2152.]],2007-07-16 16:20:15.828000,earthquake_local,AAM3.ZQ_20070716162014_EV
AK,BRLK,BH,59.751099,-150.906296,409.0,,,,,,,,,,,,,,,,,,,,,,,,,,,2018-01-15 08:05:06,noise,BRLK.AK_20180115080506_NO
HV,AHUD,EH,19.371567,-155.263462,1051.0,700.0,manual,0.64,1.6100000143051147,807.0,manual,0.54,hv61882636,2017-08-25 01:19:44.190000,,19.37167,-155.22533,,,,3.16,,0.56,md,,,0.036,4.01,89.8,[12.5        17.         16.39999962],[[1828.]],2017-08-25 01:19:38.800000,earthquake_local,AHUD.HV_20170825011937_EV
HV,AHUD,EH,19.371567,-155.263462,1051.0,,,,,,,,,,,,,,,,,,,,,,,,,,,2011-10-10 23:33:00,noise,AHUD.HV_201110102333_NO
ZQ,AAM2,HH,-26.473,27.491,1555.2,1224.8,autopicker,0.91,3.869999885559082,1443.8,autopicker,0.73,475461,2009-05-25 22:29:03.900,0.96,-26.475,27.461,0.4,104.0,2.4,2.0,,1.5,ml,,,0.027,3.0,265.7566,[28.29999924 -0.2        28.79999924],[[1926.]],2009-05-25 22:28:55.522000,earthquake_local,AAM2.ZQ_20090525222854_EV
CI,BEL,HH,34.0006,-115.9982,1388.0,,,,,,,,,,,,,,,,,,,,,,,,,,,2018-01-15 21:14:42,noise,BEL.CI_20180115211442_NO
NC,BJOB,EH,36.61087,-121.31467,1052.0,,,,,,,,,,,,,,,,,,,,,,,,,,,2018-08-23 02:11:00,noise,BJOB.NC_201808230211_NO
EC,ARNL,HH,-3.5478,-80.067001,44.0,,,,,,,,,,,,,,,,,,,,,,,,,,,2018-01-15 07:09:06,noise,ARNL.EC_20180115070906_NO
HP,AMT,HH,37.5324,21.7089,482.0,400.0,manual,0.5,15.899999618530272,1540.0,manual,0.5,13279124,2009-06-25 20:08:22.10,0.49,36.761,21.5099,1.4757,45.797,4.61868,20.31,,4.2,mb,,,0.79,87.42,11.6,[57.09999847 53.59999847 62.59999847],[[5716.]],2009-06-25 20:08:34,earthquake_local,AMT.HP_20090625200833_EV
KZ,AKTO,BH,50.434799,58.016399,379.0,,,,,,,,,,,,,,,,,,,,,,,,,,,2018-01-16 04:05:00,noise,AKTO.KZ_20180116040500_NO
IU,ADK,BH,51.8823,-176.6842,130.0,,,,,,,,,,,,,,,,,,,,,,,,,,,2018-01-16 21:23:48,noise,ADK.IU_20180116212348_NO
PB,B901,EH,35.6897,-120.142,275.0,,,,,,,,,,,,,,,,,,,,,,,,,,,2008-09-05 21:37:00,noise,B901.PB_200809052137_NO
CI,ADO,HH,34.550461,-117.433907,908.0,,,,,,,,,,,,,,,,,,,,,,,,,,,2018-01-15 22:03:00,noise,ADO.CI_20180115220300_NO
HV,ALEP,EH,19.541178,-155.644036,2894.0,900.0,manual,0.59,6.75,1372.0,manual,0.59,hv70027507,2018-02-02 21:06:02.380000,,19.835,-155.58083,,,,23.39,,1.82,md,,,0.2983,33.19,11.5,[14.89999962 15.5        14.5       ],[[3199.]],2018-02-02 21:06:00.130000,earthquake_local,ALEP.HV_20180202210559_EV
ZQ,AAM2,HH,-26.473,27.491,1555.2,1124.7,autopicker,0.92,3.559999942779541,1255.7,autopicker,0.56,41845,2009-05-22 10:24:17.000,0.95,-26.418,27.45,0.4,117.0,1.9,2.0,,2.2,ml,,,0.0661,7.34,326.1277,[46.79999924  1.29999995 48.79999924],[[2773.]],2009-05-22 10:24:09.313000,earthquake_local,AAM2.ZQ_20090522102408_EV
CO,BIRD,HH,34.645,-80.4615,132.0,,,,,,,,,,,,,,,,,,,,,,,,,,,2018-01-16 21:28:00,noise,BIRD.CO_20180116212800_NO
PB,B078,EH,35.8377,-120.3452,387.0,,,,,,,,,,,,,,,,,,,,,,,,,,,2016-12-02 14:25:00,noise,B078.PB_201612021425_NO
LD,BRNY,HH,41.414036,-74.011889,248.0,,,,,,,,,,,,,,,,,,,,,,,,,,,2018-01-15 20:09:36,noise,BRNY.LD_20180115200936_NO
C1,AP01,HH,-18.3708,-70.3419,31.0,,,,,,,,,,,,,,,,,,,,,,,,,,,2017-10-20 22:39:00,noise,AP01.C1_201710202239_NO
AK,BRLK,BH,59.751099,-150.906296,409.0,,,,,,,,,,,,,,,,,,,,,,,,,,,2018-01-15 03:02:42,noise,BRLK.AK_20180115030242_NO
5H,BEAV,HH,37.998402,-77.999298,118.0,,,,,,,,,,,,,,,,,,,,,,,,,,,2018-01-15 06:36:54,noise,BEAV.5H_20180115063654_NO
C1,AC01,HH,-26.1479,-70.5987,346.0,,,,,,,,,,,,,,,,,,,,,,,,,,,2018-09-19 04:23:00,noise,AC01.C1_201809190423_NO
AV,AKBB,BH,54.0975,-165.9338,310.0,800.0,manual,0.32,21.82999992370605,2691.0,manual,0.57,us1000drx7,2018-04-25 10:42:23.830000,2.41,54.0266,-163.6284,1.19,154.0,6.346,40.69,9.8,4.2,mb,,,1.36081,151.05,93.926,[35.59999847 38.29999924 40.09999847],[[4920.]],2018-04-25 10:42:37.660000,earthquake_local,AKBB.AV_20180425104237_EV
PB,B011,EH,48.649543,-123.448192,22.0,900.0,manual,0.95,7.739999771118164,1467.0,manual,0.0,uw10821738,2011-03-15 22:02:22.360000,,48.4458333,-122.8691667,0.22,81.0,0.5,14.42,1.89,1.5,md,UW,,0.4354,48.38,118.2,[32.         34.         29.89999962],[[2606.]],2011-03-15 22:02:21.100000,earthquake_local,B011.PB_20110315220220_EV
HV,AIND,HH,19.372067,-155.457228,1524.0,600.0,manual,0.66,5.699999809265137,1024.0,manual,0.54,hv61825626,2017-07-06 18:59:31.860000,,19.49783,-155.6995,,,,12.75,,1.08,md,,,0.2606,29.0,298.8,[9.10000038 7.5999999  3.70000005],[[2896.]],2017-07-06 18:59:31.560000,earthquake_local,AIND.HV_20170706185930_EV
TA,154A,BH,32.6131,-83.1066,111.0,,,,,,,,,,,,,,,,,,,,,,,,,,,2012-05-05 12:55:00,noise,154A.TA_201205051255_NO
C1,AC02,HH,-26.8355,-69.1291,3980.0,,,,,,,,,,,,,,,,,,,,,,,,,,,2017-10-23 11:52:00,noise,AC02.C1_201710231152_NO
PB,B045,EH,40.436,-123.9965,29.4,500.0,manual,0.68,7.019999980926514,1030.0,manual,0.0,nc72736540,2016-12-13 06:32:39.900000,,40.25833,-124.33083,,,,20.96,,2.21,md,,,0.3108,34.58,235.0,[51.59999847 45.59999847 46.90000153],[[1607.]],2016-12-13 06:32:41.920000,earthquake_local,B045.PB_20161213063240_EV
HV,AHUD,EH,19.371567,-155.263462,1051.0,901.0,autopicker,0.94,1.1699999570846558,984.0,autopicker,0.84,hv70099921,2018-04-29 23:40:30.760000,,19.3805,-155.242,,,,1.7,,2.22,ml,,,0.02212,2.46,67.0,[33.20000076 35.09999847 43.5       ],[[2134.]],2018-04-29 23:40:22.920000,earthquake_local,AHUD.HV_20180429234021_EV
PB,B058,EH,36.7995,-121.5808,114.2,800.0,manual,0.58,4.519999980926514,1167.0,autopicker,0.69,nc71717135,2012-01-24 14:24:15.160000,,36.7773333,-121.3308333,0.05,100.0,0.4,3.74,1.04,0.41,md,NC,,0.2018,22.45,96.3,[9.89999962 8.89999962 6.19999981],[[3068.]],2012-01-24 14:24:11.680000,earthquake_local,B058.PB_20120124142410_EV
KZ,ABKAR,BH,49.2556,59.9431,243.0,,,,,,,,,,,,,,,,,,,,,,,,,,,2013-03-11 05:06:00,noise,ABKAR.KZ_201303110506_NO
PB,B067,EH,36.765,-121.5655,126.2,500.0,manual,0.61,5.309999942779541,880.0,manual,0.61,nc72132561,2013-12-29 15:39:11.330000,,36.65167,-121.26717,,,,6.79,,0.7,md,,,0.2649,29.47,115.4,[14.89999962 14.39999962 14.30000019],[[2520.]],2013-12-29 15:39:11.640000,earthquake_local,B067.PB_20131229153910_EV
AV,AU22,BH,59.3702,-153.3573,105.0,,,,,,,,,,,,,,,,,,,,,,,,,,,2018-05-12 01:12:00,noise,AU22.AV_201805120112_NO
NC,BPRB,HN,36.40721,-121.73067,738.0,,,,,,,,,,,,,,,,,,,,,,,,,,,2018-08-11 10:43:00,noise,BPRB.NC_201808111043_NO
GM,AA12,HH,39.53523,-121.4669,385.0,,,,,,,,,,,,,,,,,,,,,,,,,,,2018-06-01 05:36:00,noise,AA12.GM_201806010536_NO
GM,AA12,HH,39.53523,-121.4669,385.0,,,,,,,,,,,,,,,,,,,,,,,,,,,2017-05-09 09:31:00,noise,AA12.GM_201705090931_NO
PB,B046,EH,40.32197,-124.2843,44.0,800.0,manual,0.68,3.299999952316284,1099.0,manual,0.59,nc71596680,2011-07-06 16:49:32.220000,,40.2916667,-124.294,0.18,179.0,0.92,17.56,0.58,2.38,md,NC,,0.03153,3.46,193.7,[55.5        54.20000076 55.20000076],[[1591.]],2011-07-06 16:49:27.520000,earthquake_local,B046.PB_20110706164926_EV
AV,AKSA,BH,54.1095,-165.6987,213.0,900.0,manual,0.32,15.720000267028809,2261.0,manual,0.72,us1000e4d7,2018-05-09 14:16:00.020000,2.17,53.8846,-164.1842,1.07,189.0,,38.89,,3.3,mb,,,0.92212,102.36,104.758,[42.         35.29999924 32.20000076],[[3836.]],2018-05-09 14:16:06.740000,earthquake_local,AKSA.AV_20180509141606_EV
AV,ANON,EH,56.919,-158.1737,445.0,,,,,,,,,,,,,,,,,,,,,,,,,,,2018-01-15 11:58:54,noise,ANON.AV_20180115115854_NO
FR,ATE,HH,43.0858,-0.7003,480.0,900.0,manual,0.5,3.0199999809265137,1026.0,manual,0.5,603054801,2013-06-07 10:07:17.61,0.76,43.1371,-0.595,2.309,47.915,2.51579,17.1,,4.7,mb,,,0.09,10.29,236.4,[89.69999695 80.69999695 89.19999695],[[2304.]],2013-06-07 10:07:11.630000,earthquake_local,ATE.FR_20130607100710_EV
AK,BCP,BH,59.9534,-139.636902,421.8,,,,,,,,,,,,,,,,,,,,,,,,,,,2018-01-15 00:18:54,noise,BCP.AK_20180115001854_NO
AE,113A,HH,32.7683,-113.7667,118.0,,,,,,,,,,,,,,,,,,,,,,,,,,,2017-09-08 11:50:00,noise,113A.AE_201709081150_NO
CN,A64,HH,47.8274,-69.8914,132.0,,,,,,,,,,,,,,,,,,,,,,,,,,,2018-01-15 22:12:48,noise,A64.CN_20180115221248_NO
PB,B065,EH,36.743667,-121.474167,643.0,700.0,manual,0.64,2.319999933242798,865.0,manual,0.53,nc72407290,2015-03-08 06:01:27.070000,,36.74817,-121.36567,,,,9.58,,1.42,md,,,0.08739,9.7,87.0,[43.09999847 47.5        42.90000153],[[1325.]],2015-03-08 06:01:22.390000,earthquake_local,B065.PB_20150308060121_EV
TA,109C,HH,32.8889,-117.1051,150.0,,,,,,,,,,,,,,,,,,,,,,,,,,,2016-02-26 07:31:00,noise,109C.TA_201602260731_NO
KR,ARLS,BH,41.85444,74.32889,1526.0,800.0,manual,0.5,38.11000061035156,4028.0,autopicker,0.61,606722786,2015-02-09 19:35:23.59,0.86,42.9265,76.9677,1.0875,56.5,2.52645,12.89,,3.8,mb,,,2.23,247.76,242.4,[39.20000076 41.70000076 35.79999924],[[5900.]],2015-02-09 19:35:53.700000,earthquake_local,ARLS.KR_20150209193552_EV
C1,AF01,HH,-22.95196,-68.17876,2442.9,,,,,,,,,,,,,,,,,,,,,,,,,,,2018-01-16 22:54:48,noise,AF01.C1_20180116225448_NO
AK,ANM,BH,64.5646,-165.3732,338.0,,,,,,,,,,,,,,,,,,,,,,,,,,,2016-03-09 08:59:00,noise,ANM.AK_201603090859_NO
PB,B065,EH,36.743667,-121.474167,643.0,400.0,manual,0.57,2.700000047683716,596.0,autopicker,0.86,nc71582035,2011-06-08 17:09:00.580000,,36.7618333,-121.3556667,0.43,104.0,1.64,4.87,3.04,0.66,md,NC,,0.0964,10.77,79.2,[17.20000076 22.39999962 17.5       ],[[1136.]],2011-06-08 17:08:59.280000,earthquake_local,B065.PB_20110608170858_EV
C1,AP01,HH,-18.3708,-70.3419,31.0,,,,,,,,,,,,,,,,,,,,,,,,,,,2018-01-16 23:06:00,noise,AP01.C1_20180116230600_NO
PB,B047,EH,40.25047,-124.17133,80.0,800.0,manual,0.55,7.619999885559082,1386.0,manual,0.62,nc72270155,2014-08-08 05:02:30.420000,,40.5915,-124.08983,,,,17.39,,1.8,md,,,0.3468,38.5,10.3,[34.90000153 30.29999924 33.79999924],[[1975.]],2014-08-08 05:02:30.040000,earthquake_local,B047.PB_20140808050229_EV
PB,B028,EH,44.493667,-122.963833,140.0,400.0,manual,1.0,4.409999847412109,720.0,manual,0.91,uw61123327,2016-04-05 01:10:18.250000,,44.4832,-122.7112,,78.0,,12.6,0.88,1.94,md,,[[ 65.  85. -80.]],0.1811,20.13,93.4,[45.         47.70000076 41.79999924],[[1467.]],2016-04-05 01:10:18.660000,earthquake_local,B028.PB_20160405011017_EV
SN,AMD,EH,36.4526,-116.2818,775.4,400.0,manual,0.95,3.384079933166504,1125.281,manual,0.0,nn00409674,2013-04-06 15:13:21.700000,,36.2852,-116.2767,0.1288,290.75,0.0,4.6,10.8,0.1,ml,NN,,0.168,18.58,178.59,[34.         35.59999847 36.09999847],[[1965.]],2013-04-06 15:13:21.084080,earthquake_local,AMD.SN_20130406151320_EV
CI,ADO,HH,34.550461,-117.433907,908.0,,,,,,,,,,,,,,,,,,,,,,,,,,,2018-01-16 15:17:00,noise,ADO.CI_20180116151700_NO
II,AAK,BH,42.6375,74.4942,1633.1,,,,,,,,,,,,,,,,,,,,,,,,,,,2018-01-15 22:16:18,noise,AAK.II_20180115221618_NO
7F,ARK1,EH,35.266602,-92.403503,176.0,,,,,,,,,,,,,,,,,,,,,,,,,,,2010-07-24 03:59:24,noise,ARK1.7F_20100724035924_NO
ZQ,AAM3,HH,-26.374,27.416,1597.1,1296.9,autopicker,0.92,4.699999809265137,1395.9,autopicker,0.76,369453,2007-03-14 17:04:53.400,1.57,-26.369,27.453,0.6,128.0,3.3,2.0,,2.2,ml,,,0.0336,3.73,81.4746,[52.79999924 49.70000076 50.79999924],[[2989.]],2007-03-14 17:04:45.131000,earthquake_local,AAM3.ZQ_20070314170444_EV
CN,BMTB,HH,56.0451,-122.1332,1099.0,,,,,,,,,,,,,,,,,,,,,,,,,,,2018-01-15 07:49:00,noise,BMTB.CN_20180115074900_NO
7F,ARK2,EH,35.334099,-92.298203,212.0,,,,,,,,,,,,,,,,,,,,,,,,,,,2010-07-26 07:36:24,noise,ARK2.7F_20100726073624_NO
EC,ANTS,HH,-0.4973,-78.170403,4580.0,,,,,,,,,,,,,,,,,,,,,,,,,,,2018-01-15 15:03:42,noise,ANTS.EC_20180115150342_NO
HT,AGG,HH,39.0211,22.336,625.0,900.0,manual,0.5,31.799999237060547,3535.0,autopicker,0.57,604014828,2014-01-29 21:43:53.64,0.62,38.2305,20.4166,1.4898,59.108,3.53306,14.22,,4.0,mb,,,1.69,188.78,61.6,[36.20000076 38.40000153 37.29999924],[[5900.]],2014-01-29 21:44:16.440000,earthquake_local,AGG.HT_20140129214415_EV
AV,AUCH,BH,59.3626,-153.4447,916.0,800.0,manual,0.5,19.149999618530277,1993.0,autopicker,0.65,605544876,2014-10-14 18:32:45.47,1.39,59.9311,-152.9707,1.1198,78.504,7.31618,117.78,,3.6,ml,,,0.62,68.74,203.1,[15.10000038  6.9000001  12.        ],[[3199.]],2014-10-14 18:32:56.620000,earthquake_local,AUCH.AV_20141014183255_EV
CI,ARV,HH,35.1269,-118.83009,258.0,900.0,manual,0.62,4.820000171661377,1230.0,manual,0.56,ci37151119,2015-04-24 14:53:16.530000,,34.90883,-118.72817,,,,7.11,,1.27,ml,,,0.2331,25.92,159.1,[10.80000019  8.89999962 12.89999962],[[3120.]],2015-04-24 14:53:12.350000,earthquake_local,ARV.CI_20150424145311_EV
PB,B054,EH,37.8602,-122.1995,405.6,500.0,manual,0.85,2.3299999237060547,694.0,manual,0.57,nc71477466,2010-10-22 09:52:19.060000,,37.7871667,-122.1538333,0.08,36.0,0.2,7.0,0.45,0.8,md,NC,,0.08198,9.05,153.7,[24.10000038 26.39999962 22.        ],[[1161.]],2010-10-22 09:52:16.390000,earthquake_local,B054.PB_20101022095215_EV
C1,BO03,HH,-34.49605,-71.9612,128.0,,,,,,,,,,,,,,,,,,,,,,,,,,,2018-01-15 07:17:30,noise,BO03.C1_20180115071730_NO
AV,AKHS,BH,54.1533,-165.8868,150.0,,,,,,,,,,,,,,,,,,,,,,,,,,,2018-09-10 12:55:00,noise,AKHS.AV_201809101255_NO
AE,BABIT,HH,35.745548,-112.422218,1693.6,,,,,,,,,,,,,,,,,,,,,,,,,,,2018-01-16 19:03:06,noise,BABIT.AE_20180116190306_NO
HV,AIND,HH,19.372067,-155.457228,1524.0,800.0,autopicker,0.93,6.179999828338623,1264.0,autopicker,0.81,hv61078141,2015-10-25 20:48:44.430000,,19.21567,-155.44484,,,,36.72,,1.89,md,,,0.156,17.36,176.0,[25.20000076 20.5        21.10000038],[[2126.]],2015-10-25 20:48:42.610000,earthquake_local,AIND.HV_20151025204841_EV
HV,AHUD,EH,19.371567,-155.263462,1051.0,,,,,,,,,,,,,,,,,,,,,,,,,,,2011-08-19 04:12:00,noise,AHUD.HV_201108190412_NO
AV,ANON,EH,56.919,-158.1737,445.0,,,,,,,,,,,,,,,,,,,,,,,,,,,2018-01-16 16:37:30,noise,ANON.AV_20180116163730_NO
TA,A21K,BH,71.3221,-156.6175,5.0,,,,,,,,,,,,,,,,,,,,,,,,,,,2017-02-18 22:27:00,noise,A21K.TA_201702182227_NO
AT,AKUT,BH,54.13517,-165.77185,19.2,500.0,manual,0.5,16.940000534057617,1527.0,manual,0.5,601479682,2012-07-02 05:49:24.33,1.62,53.4122,-165.3857,1.6218,158.394,,9.02,,4.2,mb,,,0.76,84.4,342.6,[51.70000076 50.29999924 56.40000153],[[5008.]],2012-07-02 05:49:36.270000,earthquake_local,AKUT.AT_20120702054935_EV
CI,ADO,HH,34.550461,-117.433907,908.0,,,,,,,,,,,,,,,,,,,,,,,,,,,2018-01-15 18:35:48,noise,ADO.CI_20180115183548_NO
LD,ACCN,HH,43.3843,-73.6678,340.0,,,,,,,,,,,,,,,,,,,,,,,,,,,2017-09-17 08:25:00,noise,ACCN.LD_201709170825_NO
II,ABPO,BH,-19.018,47.229,1528.0,,,,,,,,,,,,,,,,,,,,,,,,,,,2018-01-16 11:58:54,noise,ABPO.II_20180116115854_NO
ZQ,AAM1,HH,-26.427,27.423,1169.9,1195.6,autopicker,0.92,4.730000019073486,1254.6,autopicker,0.78,425322,2008-04-09 11:15:48.900,1.16,-26.425,27.322,0.4,124.0,3.7,2.0,,1.9,ml,,,0.0908,10.08,271.2375,[36.  35.5 33.5],[[2627.]],2008-04-09 11:15:41.674000,earthquake_local,AAM1.ZQ_20080409111540_EV
PB,B065,EH,36.743667,-121.474167,643.0,400.0,manual,0.76,4.309999942779541,723.0,manual,0.55,nc72932425,2017-11-30 03:01:19.520000,,36.63133,-121.24433,,,,5.93,,1.94,md,,,0.2161,24.03,121.4,[51.29999924 47.         41.79999924],[[1524.]],2017-11-30 03:01:19.830000,earthquake_local,B065.PB_20171130030118_EV
PB,B082,HN,33.59818,-116.59601,1374.0,,,,,,,,,,,,,,,,,,,,,,,,,,,2014-02-10 07:42:00,noise,B082.PB_201402100742_NO
HV,AHUD,EH,19.371567,-155.263462,1051.0,702.0,autopicker,0.93,8.430000305175781,1325.0,autopicker,0.96,hv60949151,2015-05-30 06:54:17.770000,,19.02483,-155.49333,,,,39.66,,2.33,ml,,,0.4076,45.36,212.0,[24.70000076 21.70000076 29.70000076],[[2277.]],2015-05-30 06:54:19.180000,earthquake_local,AHUD.HV_20150530065418_EV
HT,ALN,HH,40.885,26.046,110.0,600.0,manual,0.5,9.630000114440918,1309.0,autopicker,0.55,13839765,2009-05-16 14:25:28.47,1.08,40.611,25.5587,0.4096,173.067,8.55838,15.14,,2.7,md,,,0.47,51.18,52.1,[44.79999924 42.09999847 38.29999924],[[2974.]],2009-05-16 14:25:32.100000,earthquake_local,ALN.HT_20090516142531_EV
PB,B049,EH,40.2375,-123.8197,117.0,400.0,manual,0.68,5.519999980926514,849.0,manual,0.59,nc71889651,2012-11-19 20:04:45.340000,,40.3493333,-123.6231667,0.14,44.0,0.43,23.95,0.78,2.05,md,NC,,0.1874,20.82,53.3,[50.79999924 55.         44.59999847],[[1369.]],2012-11-19 20:04:46.860000,earthquake_local,B049.PB_20121119200445_EV
HV,ALEP,EH,19.541178,-155.644036,2894.0,901.0,autopicker,0.92,7.96999979019165,1495.0,autopicker,0.61,hv61827421,2017-07-08 08:12:15.730000,,19.19933,-155.41966,,,,33.8,,2.12,md,,,0.4006,44.58,149.0,[36.40000153 35.40000153 37.09999847],[[2609.]],2017-07-08 08:12:14.690000,earthquake_local,ALEP.HV_20170708081213_EV
PB,B058,EH,36.7995,-121.5808,114.2,700.0,manual,0.65,1.25,791.0,manual,0.53,nc72995501,2018-04-05 05:10:57.480000,,36.841,-121.56383,,,,3.7,,0.64,md,,,0.0436,4.85,18.1,[40.70000076 42.         38.09999847],[[1764.]],2018-04-05 05:10:51.730000,earthquake_local,B058.PB_20180405051050_EV
PB,B065,EH,36.743667,-121.474167,643.0,900.0,manual,0.51,10.010000228881836,1603.0,autopicker,0.55,nc72243161,2014-06-25 07:35:37.580000,,36.42233,-120.99,,,,1.07,,1.17,md,,,0.5054,56.12,129.6,[ 9.60000038 12.60000038  8.80000019],[[3199.]],2014-06-25 07:35:38.590000,earthquake_local,B065.PB_20140625073537_EV
AV,AUSB,BH,59.333,-153.4284,230.0,495.0,autopicker,0.72,15.147000312805176,1692.0,autopicker,0.67,ak18701096,2018-03-16 23:45:29.463000,,59.0442,-151.9047,,,,55.0,,2.0,ml,,,0.832,92.85,110.96,[22.70000076 21.60000038 23.70000076],[[3060.]],2018-03-16 23:45:39.660000,earthquake_local,AUSB.AV_20180316234538_EV
HV,AHUD,EH,19.371567,-155.263462,1051.0,,,,,,,,,,,,,,,,,,,,,,,,,,,2011-11-24 22:24:00,noise,AHUD.HV_201111242224_NO
PB,B075,EH,35.9292,-120.5153,583.0,,,,,,,,,,,,,,,,,,,,,,,,,,,2014-07-24 04:07:00,noise,B075.PB_201407240407_NO
AE,BARN,HH,35.27668,-111.73571,2254.0,,,,,,,,,,,,,,,,,,,,,,,,,,,2018-01-15 17:07:36,noise,BARN.AE_20180115170736_NO
AV,AKV,BH,54.1253,-165.9647,863.0,,,,,,,,,,,,,,,,,,,,,,,,,,,2017-02-10 01:20:00,noise,AKV.AV_201702100120_NO
PB,B058,EH,36.7995,-121.5808,114.2,600.0,manual,0.6,6.849999904632568,1119.0,manual,0.0,nc72456371,2015-05-27 16:34:08.710000,,36.59517,-121.20567,,,,8.59,,2.42,md,,,0.364,40.47,124.2,[37.90000153 39.79999924 36.79999924],[[2348.]],2015-05-27 16:34:09.560000,earthquake_local,B058.PB_20150527163408_EV
C1,AC04,HH,-28.2046,-71.0739,249.0,,,,,,,,,,,,,,,,,,,,,,,,,,,2015-01-24 11:35:00,noise,AC04.C1_201501241135_NO
C1,AC04,HH,-28.2046,-71.0739,249.0,,,,,,,,,,,,,,,,,,,,,,,,,,,2018-01-16 19:59:06,noise,AC04.C1_20180116195906_NO
HT,ALN,HH,40.895699,26.0497,110.0,,,,,,,,,,,,,,,,,,,,,,,,,,,2018-01-15 07:53:12,noise,ALN.HT_20180115075312_NO
AV,AUCH,BH,59.3626,-153.4447,916.0,,,,,,,,,,,,,,,,,,,,,,,,,,,2018-01-15 08:38:00,noise,AUCH.AV_20180115083800_NO
KR,ARSB,BH,41.32333,72.98111,1378.0,400.0,manual,0.5,15.670000076293944,1408.0,autopicker,0.6,605653998,2014-11-08 07:06:19.83,1.23,40.6623,73.2861,1.7633,172.834,4.85792,1.68,,4.1,mb,,,0.7,77.77,340.9,[37.70000076 42.29999924 42.79999924],[[3199.]],2014-11-08 07:06:31.500000,earthquake_local,ARSB.KR_20141108070630_EV
US,AHID,BH,42.7654,-111.1004,1960.0,800.0,manual,0.5,44.40999984741211,5060.0,autopicker,0.83,610575025,2015-01-04 06:35:23.10,0.83,44.4464,-114.1278,1.0802,31.556,5.35441,6.0,,3.6,ml,,,2.77,307.57,126.3,[29.60000038 31.10000038 29.20000076],[[5900.]],2015-01-04 06:35:59.510000,earthquake_local,AHID.US_20150104063558_EV
PB,B066,EH,36.857533,-121.592167,67.0,600.0,manual,0.61,3.490000009536743,905.0,manual,0.0,nc72143400,2014-01-19 22:47:48.950000,0.87,36.9848,-121.4758,0.886,19.227,2.63831,11.58,0.26,3.1,ml,,,0.1613,17.9,38.8,[60.         57.         56.90000153],[[1613.]],2014-01-19 22:47:46.440000,earthquake_local,B066.PB_20140119224746_EV
C1,AC06,HH,-27.357117,-70.354689,380.0,,,,,,,,,,,,,,,,,,,,,,,,,,,2018-01-15 18:56:48,noise,AC06.C1_20180115185648_NO
EC,ANTS,HH,-0.4973,-78.170403,4580.0,,,,,,,,,,,,,,,,,,,,,,,,,,,2018-01-16 12:01:42,noise,ANTS.EC_20180116120142_NO
HV,AIND,HH,19.372067,-155.457228,1524.0,400.0,manual,0.6,4.400000095367432,764.0,manual,0.0,hv61468651,2016-11-05 04:31:55.480000,,19.40583,-155.29567,,,,1.34,,2.04,ml,,,0.1562,17.38,77.5,[ 7.5999999  14.19999981  0.5       ],[[2256.]],2016-11-05 04:31:55.880000,earthquake_local,AIND.HV_20161105043154_EV
C1,AC04,HH,-28.2046,-71.0739,249.0,,,,,,,,,,,,,,,,,,,,,,,,,,,2018-01-16 09:37:30,noise,AC04.C1_20180116093730_NO
AV,ACH,BH,58.21,-155.3281,960.0,799.2,autopicker,0.9,1.784999966621399,952.2,autopicker,0.8,ak17403412,2017-11-29 22:08:54.035000,,58.225,-155.1451,,,,1.0,,0.2,ml,,,0.098,10.88,81.23,[12.39999962 12.19999981  7.4000001 ],[[2210.]],2017-11-29 22:08:47.828000,earthquake_local,ACH.AV_20171129220846_EV
MI,ANA2,BH,16.3412,145.7115,317.0,,,,,,,,,,,,,,,,,,,,,,,,,,,2013-01-26 13:04:00,noise,ANA2.MI_201301261304_NO
PB,B040,EH,41.8308,-122.4205,819.5,900.0,manual,0.85,7.329999923706055,1442.0,manual,0.83,uw60606277,2013-10-06 02:46:14.840000,,42.11283,-122.703,,,,16.52,,1.1,md,,,0.3519,39.11,323.2,[19.29999924 22.39999962 19.5       ],[[2106.]],2013-10-06 02:46:13.170000,earthquake_local,B040.PB_20131006024612_EV
PB,B011,EH,48.649543,-123.448192,22.0,500.0,manual,0.89,10.539999961853027,1304.0,manual,0.87,uw61102601,2015-11-07 11:48:27.400000,,49.22517,-123.64867,,,,13.84,,2.24,ml,,,0.5911,65.68,347.0,[34.79999924 39.79999924 35.5       ],[[2677.]],2015-11-07 11:48:32.940000,earthquake_local,B011.PB_20151107114831_EV
AV,AKS,EH,54.1095,-165.6987,213.0,,,,,,,,,,,,,,,,,,,,,,,,,,,2018-01-15 10:27:54,noise,AKS.AV_20180115102754_NO
N4,ABTX,HH,32.6238,-99.6431,502.0,,,,,,,,,,,,,,,,,,,,,,,,,,,2018-08-26 02:27:00,noise,ABTX.N4_201808260227_NO
PB,B058,EH,36.7995,-121.5808,114.2,900.0,manual,0.53,3.259999990463257,1143.0,manual,0.0,nc71529955,2011-02-28 15:36:16.120000,,36.775,-121.4045,0.12,108.0,0.4,9.68,0.65,0.76,md,NC,,0.1432,15.97,99.8,[23.60000038 23.10000038 18.70000076],[[2005.]],2011-02-28 15:36:10.380000,earthquake_local,B058.PB_20110228153609_EV
PB,B065,EH,36.743667,-121.474167,643.0,400.0,manual,0.6,3.609999895095825,689.0,manual,0.6,nc72132646,2013-12-29 19:45:02.880000,,36.63283,-121.32783,,,,12.18,,1.6,md,,,0.1613,17.95,133.4,[45.20000076 47.29999924 43.29999924],[[1233.]],2013-12-29 19:45:02.490000,earthquake_local,B065.PB_20131229194501_EV
HV,AIND,HH,19.372067,-155.457228,1524.0,501.0,autopicker,0.93,2.259999990463257,692.0,autopicker,0.78,hv60900431,2015-04-23 01:25:23.640000,,19.3565,-155.498,,,,7.46,,1.29,md,,,0.04149,4.62,248.0,[34.90000153 25.89999962 28.70000076],[[1233.]],2015-04-23 01:25:20.890000,earthquake_local,AIND.HV_20150423012519_EV
HL,ARG,SH,36.21356,28.12122,148.0,400.0,manual,0.5,17.770000457763672,2230.0,manual,0.5,13545470,2009-07-15 05:07:12.03,1.24,35.3601,28.6322,1.2616,29.205,4.45384,26.8,,3.9,mb,,,0.95,105.36,334.4,[33.70000076 36.09999847 30.79999924],[[5759.]],2009-07-15 05:07:25.800000,earthquake_local,ARG.HL_20090715050724_EV
PB,B072,EH,35.831,-120.345,398.0,,,,,,,,,,,,,,,,,,,,,,,,,,,2008-01-08 12:12:00,noise,B072.PB_200801081212_NO
GM,AA12,HH,39.53523,-121.4669,385.0,,,,,,,,,,,,,,,,,,,,,,,,,,,2017-10-17 05:45:00,noise,AA12.GM_201710170545_NO
AV,ANPB,EH,56.8016,-158.2829,658.0,,,,,,,,,,,,,,,,,,,,,,,,,,,2018-01-15 08:40:48,noise,ANPB.AV_20180115084048_NO
AV,AKV,BH,54.1253,-165.9647,863.0,,,,,,,,,,,,,,,,,,,,,,,,,,,2016-08-14 03:34:00,noise,AKV.AV_201608140334_NO
PB,B072,EH,35.831,-120.345,398.0,,,,,,,,,,,,,,,,,,,,,,,,,,,2010-01-28 03:21:00,noise,B072.PB_201001280321_NO
AV,AKGG,BH,54.1979,-165.9936,326.0,,,,,,,,,,,,,,,,,,,,,,,,,,,2018-01-15 02:36:48,noise,AKGG.AV_20180115023648_NO
AV,AMKA,BH,51.3771,179.3,116.0,900.0,manual,0.03,40.060001373291016,3836.0,manual,0.0,us20006ve2,2016-08-30 13:06:40.580000,1.47,50.8728,175.184,0.72,263.0,,15.0,9.9,3.1,ml,,,2.64214,293.28,257.3846,[19.60000038 22.60000038 16.        ],[[5999.]],2016-08-30 13:07:11.640000,earthquake_local,AMKA.AV_20160830130711_EV
PB,B003,EH,48.06236,-124.14086,284.7,400.0,manual,0.95,9.029999732971191,1129.0,manual,0.93,uw10827313,2011-08-30 06:00:49.820000,,47.5933333,-123.9861667,0.12,146.0,0.5,25.66,0.65,0.6,md,UW,,0.4808,53.42,167.6,[14.80000019 16.79999924 17.89999962],[[3199.]],2011-08-30 06:00:54.850000,earthquake_local,B003.PB_20110830060053_EV
PB,B075,EH,35.9292,-120.5153,583.0,,,,,,,,,,,,,,,,,,,,,,,,,,,2016-12-11 03:33:00,noise,B075.PB_201612110333_NO
SN,AL5S,EH,36.8596,-116.4556,1366.0,600.0,manual,0.0,5.871310234069824,1039.14,manual,0.0,nn00183961,2006-06-24 18:59:59.816000,,37.0077,-116.1306,0.1288,76.36,0.0,3.4,4.2,0.5,ml,NN,,0.299,33.29,60.33,[27.60000038 25.89999962 24.70000076],[[2409.]],2006-06-24 18:59:59.687310,earthquake_local,AL5S.SN_20060624185958_EV
PB,B046,EH,40.32197,-124.2843,44.0,,,,,,,,,,,,,,,,,,,,,,,,,,,2016-03-07 10:48:00,noise,B046.PB_201603071048_NO
C,AGCH,SH,-37.8093,-72.6966,76.0,,,,,,,,,,,,,,,,,,,,,,,,,,,2010-06-03 05:18:00,noise,AGCH.C_201006030518_NO
HV,AHUD,EH,19.371567,-155.263462,1051.0,800.0,manual,0.68,1.2599999904632568,882.0,manual,0.55,hv61515561,2016-12-11 09:55:44.510000,,19.38683,-155.27917,,,,2.64,,1.08,md,,,0.02122,2.36,315.9,[34.59999847 38.59999847 48.5       ],[[1928.]],2016-12-11 09:55:37.770000,earthquake_local,AHUD.HV_20161211095536_EV
GE,BOAB,HH,12.4493,-85.665901,381.0,,,,,,,,,,,,,,,,,,,,,,,,,,,2018-01-16 21:36:31,noise,BOAB.GE_20180116213631_NO
7F,ARK2,EH,35.334099,-92.298203,212.0,,,,,,,,,,,,,,,,,,,,,,,,,,,2010-07-26 08:33:48,noise,ARK2.7F_20100726083348_NO
C1,AF01,HH,-22.95196,-68.17876,2442.9,,,,,,,,,,,,,,,,,,,,,,,,,,,2018-01-16 20:31:18,noise,AF01.C1_20180116203118_NO
IU,AFI,BH,-13.9085,-171.7827,706.0,,,,,,,,,,,,,,,,,,,,,,,,,,,2018-01-15 01:45:42,noise,AFI.IU_20180115014542_NO
EC,ANTS,HH,-0.4973,-78.170403,4580.0,,,,,,,,,,,,,,,,,,,,,,,,,,,2018-01-16 09:03:12,noise,ANTS.EC_20180116090312_NO
AV,ANON,EH,56.919,-158.1737,445.0,,,,,,,,,,,,,,,,,,,,,,,,,,,2018-01-16 06:39:42,noise,ANON.AV_20180116063942_NO
HT,AGG,HH,39.021099,22.336,622.0,,,,,,,,,,,,,,,,,,,,,,,,,,,2018-01-15 13:49:30,noise,AGG.HT_20180115134930_NO
PB,B066,EH,36.85753,-121.59217,67.0,,,,,,,,,,,,,,,,,,,,,,,,,,,2017-08-31 19:40:00,noise,B066.PB_201708311940_NO
IV,APPI,EH,46.47868,11.22813,1056.0,800.0,manual,0.5,13.90999984741211,1670.0,manual,0.5,12654077,2007-05-13 01:45:55.69,0.23,47.1658,11.127,1.0528,40.501,2.3787,11.6,,1.9,mb,,,0.69,76.77,174.2,[12.69999981 18.         21.60000038],[[3199.]],2007-05-13 01:46:01.600000,earthquake_local,APPI.IV_20070513014600_EV
AV,ANCK,BH,58.1981,-155.4961,869.0,,,,,,,,,,,,,,,,,,,,,,,,,,,2018-06-21 08:13:00,noise,ANCK.AV_201806210813_NO
CN,A54,HH,47.4568,-70.4134,377.0,,,,,,,,,,,,,,,,,,,,,,,,,,,2018-01-16 14:18:54,noise,A54.CN_20180116141854_NO
TX,ALPN,HH,30.374479,-103.638519,1368.0,,,,,,,,,,,,,,,,,,,,,,,,,,,2020-03-16 07:56:00,noise,ALPN.TX_20200316075600_NO
5H,BEAV,HH,37.998402,-77.999298,118.0,,,,,,,,,,,,,,,,,,,,,,,,,,,2018-01-15 06:15:54,noise,BEAV.5H_20180115061554_NO
PB,B004,EH,48.201925,-124.427006,30.0,700.0,manual,0.61,12.149999618530272,1615.0,manual,0.91,uw60641406,2013-12-01 12:04:55.780000,,48.83083,-124.10667,,,,21.58,,1.5,md,,,0.6645,73.83,18.8,[24.         25.         20.79999924],[[2693.]],2013-12-01 12:05:00.930000,earthquake_local,B004.PB_20131201120459_EV
BK,BL67,HH,37.87492,-122.24318,736.0,,,,,,,,,,,,,,,,,,,,,,,,,,,2016-05-13 02:04:00,noise,BL67.BK_201605130204_NO
C1,AC02,HH,-26.8355,-69.1291,3980.0,,,,,,,,,,,,,,,,,,,,,,,,,,,2016-08-29 10:18:00,noise,AC02.C1_201608291018_NO
PB,B020,EH,46.3827,-123.8445,31.2,500.0,manual,0.95,9.84000015258789,1226.0,manual,0.93,uw10820283,2011-03-13 06:47:12.700000,,46.5965,-124.388,0.26,239.0,2.8,44.21,3.94,1.7,md,UW,,0.4321,48.02,299.5,[37.29999924 41.         28.60000038],[[1928.]],2011-03-13 06:47:17.540000,earthquake_local,B020.PB_20110313064716_EV
AV,AKBB,BH,54.0975,-165.9338,310.0,,,,,,,,,,,,,,,,,,,,,,,,,,,2018-01-15 01:52:42,noise,AKBB.AV_20180115015242_NO
AK,ATKA,BH,52.2016,-174.1975,55.0,800.0,manual,0.28,23.59000015258789,2727.0,manual,0.53,us1000bxbh,2017-12-22 03:43:54.170000,0.57,51.5435,-176.3946,0.28,216.0,,37.96,,3.3,ml,,,1.51317,167.96,243.3166,[27.79999924 31.5        30.89999962],[[5495.]],2017-12-22 03:44:09.760000,earthquake_local,ATKA.AK_20171222034409_EV
CN,A11,HH,47.2431,-70.1969,55.0,,,,,,,,,,,,,,,,,,,,,,,,,,,2018-01-15 08:31:00,noise,A11.CN_20180115083100_NO
AE,BARN,HH,35.27668,-111.73571,2254.0,,,,,,,,,,,,,,,,,,,,,,,,,,,2018-01-15 08:52:00,noise,BARN.AE_20180115085200_NO
KZ,ABKAR,BH,49.2556,59.9431,243.0,,,,,,,,,,,,,,,,,,,,,,,,,,,2012-07-06 03:35:00,noise,ABKAR.KZ_201207060335_NO
HV,AIND,HH,19.372067,-155.457228,1524.0,793.0,autopicker,0.62,4.21999979019165,1109.0,autopicker,0.85,hv60907216,2015-04-28 11:56:54.740000,,19.34383,-155.632,,,,2.5,,1.41,md,,,0.1674,18.63,260.0,[6.0999999 9.        7.9000001],[[2313.]],2015-04-28 11:56:51.030000,earthquake_local,AIND.HV_20150428115650_EV
LD,ASNY,HH,44.39812,-73.8103,330.0,,,,,,,,,,,,,,,,,,,,,,,,,,,2018-05-19 09:04:00,noise,ASNY.LD_201805190904_NO
GO,AKH,HH,41.41,43.492901,1720.0,,,,,,,,,,,,,,,,,,,,,,,,,,,2018-01-15 19:58:24,noise,AKH.GO_20180115195824_NO
HT,AOS,HH,39.16543,23.86388,230.0,400.0,manual,0.5,8.010000228881836,1000.0,manual,0.5,13399047,2008-11-02 21:55:13.79,0.64,38.8189,23.609,0.7039,134.32,6.8027,13.69,,2.2,ml,,,0.41,44.36,31.0,[33.09999847 29.20000076 39.5       ],[[1915.]],2008-11-02 21:55:17.800000,earthquake_local,AOS.HT_20081102215516_EV
HT,AGG,HH,39.0211,22.336,625.0,600.0,manual,0.5,32.34000015258789,3256.0,autopicker,0.74,605116326,2014-02-01 00:00:37.62,1.09,38.236,20.3851,0.4278,159.531,7.59123,13.54,,3.2,ml,,,1.71,190.92,62.1,[5.         9.30000019 0.        ],[[5900.]],2014-02-01 00:01:03.960000,earthquake_local,AGG.HT_20140201000102_EV
CC,ASBU,BH,43.82056,-121.368401,1538.0,,,,,,,,,,,,,,,,,,,,,,,,,,,2014-11-28 13:58:00,noise,ASBU.CC_201411281358_NO
C1,AY03,HH,-47.253042,-72.590769,206.5,,,,,,,,,,,,,,,,,,,,,,,,,,,2018-01-15 03:55:12,noise,AY03.C1_20180115035512_NO
AV,AKMO,BH,54.0903,-166.0126,277.0,510.0,autopicker,0.92,6.10699987411499,900.0,autopicker,0.94,ak16325968,2017-06-12 01:40:43.553000,,53.9604,-166.3588,,,,13.2,,1.2,ml,,,0.241,26.9,237.3,[19.         34.         19.39999962],[[1425.]],2017-06-12 01:40:44.560000,earthquake_local,AKMO.AV_20170612014043_EV
CN,BNAB,HH,53.4932,-130.6368,-19.0,,,,,,,,,,,,,,,,,,,,,,,,,,,2018-01-15 02:43:48,noise,BNAB.CN_20180115024348_NO
7F,ARK1,EH,35.266602,-92.403503,176.0,,,,,,,,,,,,,,,,,,,,,,,,,,,2010-07-27 19:58:24,noise,ARK1.7F_20100727195824_NO
AV,AUSB,BH,59.333,-153.4284,230.0,700.0,manual,0.75,17.010000228881836,2020.9,autopicker,0.63,ak18462361,2018-02-20 00:14:05.651000,1.07,59.9666,-152.7689,0.53,,5.148,102.1,0.2,2.3,ml,,,0.716,79.78,28.02,[16.60000038 19.         19.60000038],[[3199.]],2018-02-20 00:14:15.661000,earthquake_local,AUSB.AV_20180220001414_EV
PB,B024,EH,45.6378,-123.8558,37.7,800.0,manual,0.62,12.25,1782.0,manual,0.62,uw61316912,2017-10-11 07:34:07.570000,,45.5327,-122.8607,,68.0,,9.9,1.43,1.45,md,,[[295.  85. 150.]],0.7067,78.53,98.9,[13.60000038 15.10000038 10.69999981],[[2830.]],2017-10-11 07:34:11.820000,earthquake_local,B024.PB_20171011073410_EV
CN,A11,HH,47.2431,-70.1969,55.0,,,,,,,,,,,,,,,,,,,,,,,,,,,2018-01-16 16:03:54,noise,A11.CN_20180116160354_NO
PB,B028,EH,44.493667,-122.963833,140.0,800.0,manual,0.64,9.1899995803833,1509.0,manual,0.57,uw61225197,2016-12-21 10:53:34.810000,,44.89867,-122.6565,,,,17.7,,2.38,ml,,,0.4605,51.18,28.5,[48.09999847 47.40000153 46.        ],[[2790.]],2016-12-21 10:53:36,earthquake_local,B028.PB_20161221105335_EV
HV,AHUD,EH,19.371567,-155.263462,1051.0,800.0,manual,0.63,4.840000152587891,1156.0,manual,0.54,hv61402946,2016-09-07 23:06:29.240000,,19.34433,-155.21317,,,,31.09,,1.72,md,,,0.05467,6.08,119.9,[ 7.80000019 12.10000038 16.60000038],[[2106.]],2016-09-07 23:06:26.080000,earthquake_local,AHUD.HV_20160907230625_EV
HV,AHUD,EH,19.371567,-155.263462,1051.0,,,,,,,,,,,,,,,,,,,,,,,,,,,2011-10-30 14:35:00,noise,AHUD.HV_201110301435_NO
LD,ALLY,HH,41.6492,-80.144798,390.0,,,,,,,,,,,,,,,,,,,,,,,,,,,2018-01-16 08:11:24,noise,ALLY.LD_20180116081124_NO
AV,AKS,EH,54.1095,-165.6987,213.0,500.0,manual,0.95,16.208999633789062,1761.4,manual,0.57,ak17680229,2017-12-26 12:42:58.597000,,53.6318,-164.4716,,,,21.9,,2.1,ml,,,0.867,96.65,123.93,[30.10000038 32.         26.70000076],[[3199.]],2017-12-26 12:43:09.806000,earthquake_local,AKS.AV_20171226124308_EV
ET,ASTN,EH,36.327,-83.476,753.0,,,,,,,,,,,,,,,,,,,,,,,,,,,2018-01-15 17:12:30,noise,ASTN.ET_20180115171230_NO
HV,AIND,HH,19.372067,-155.457228,1524.0,403.0,autopicker,0.67,7.590000152587891,980.0,autopicker,1.0,hv60914366,2015-05-03 11:41:53.030000,,19.369,-155.04433,,,,6.26,,0.79,md,,,0.3898,43.38,91.0,[18.         -2.20000005 -2.0999999 ],[[2866.]],2015-05-03 11:41:56.590000,earthquake_local,AIND.HV_20150503114155_EV
PB,B058,EH,36.7995,-121.5808,114.0,,,,,,,,,,,,,,,,,,,,,,,,,,,2010-12-29 13:35:00,noise,B058.PB_201012291335_NO
GE,BOAB,HH,12.4493,-85.665901,381.0,,,,,,,,,,,,,,,,,,,,,,,,,,,2018-01-15 16:15:18,noise,BOAB.GE_20180115161518_NO
C1,AP01,HH,-18.3708,-70.3419,31.0,,,,,,,,,,,,,,,,,,,,,,,,,,,2018-01-16 18:58:54,noise,AP01.C1_20180116185854_NO
SN,AL5S,EH,36.8596,-116.4556,1366.0,700.0,manual,0.0,5.008419990539551,1068.278,manual,0.0,nn00185035,2006-06-24 16:07:01.208000,,36.9457,-116.7416,0.1302,129.83,0.0,4.2,5.0,0.0,ml,NN,,0.245,27.22,290.49,[22.89999962 20.20000076 18.89999962],[[2014.]],2006-06-24 16:06:59.216420,earthquake_local,AL5S.SN_20060624160658_EV
PB,B065,EH,36.743667,-121.474167,643.0,600.0,manual,0.65,4.059999942779541,897.0,manual,0.53,nc72163366,2014-02-11 14:02:38.420000,,36.821,-121.29917,,,,11.48,,0.96,md,,,0.1604,17.82,61.1,[30.39999962 31.79999924 26.89999962],[[1372.]],2014-02-11 14:02:36.480000,earthquake_local,B065.PB_20140211140235_EV
LD,BRNY,HH,41.414036,-74.011889,248.0,,,,,,,,,,,,,,,,,,,,,,,,,,,2018-01-15 13:08:54,noise,BRNY.LD_20180115130854_NO
CN,BNAB,HH,53.4932,-130.6368,-19.0,,,,,,,,,,,,,,,,,,,,,,,,,,,2018-01-15 04:53:18,noise,BNAB.CN_20180115045318_NO
PB,B047,EH,40.25047,-124.17133,80.0,400.0,manual,0.6,8.119999885559082,1046.0,manual,0.54,nc71758895,2012-04-05 14:20:29.770000,,40.036,-123.7746667,0.24,116.0,0.49,15.44,0.85,1.65,md,NC,,0.3721,41.35,125.3,[40.90000153 39.90000153 32.40000153],[[1706.]],2012-04-05 14:20:33.890000,earthquake_local,B047.PB_20120405142032_EV
PB,B045,EH,40.436,-123.9965,29.4,900.0,manual,0.48,10.239999771118164,1654.0,manual,0.0,nc73044926,2018-07-13 19:40:29.080000,,40.7193,-124.5392,,,,17.3,,2.8,md,,,0.501,55.61,304.3,[50.70000076 49.70000076 46.5       ],[[2179.]],2018-07-13 19:40:30.320000,earthquake_local,B045.PB_20180713194030_EV
KR,ARK,BH,41.799999,71.966667,1420.0,500.0,manual,0.5,25.309999465942383,2220.0,manual,0.5,602770074,2013-03-26 11:20:42.19,1.7,40.5435,72.2807,0.999,192.431,9.87984,4.94,,3.2,mb,,,1.28,142.01,349.3,[21.60000038 18.5        19.        ],[[5900.]],2013-03-26 11:21:02.500000,earthquake_local,ARK.KR_20130326112101_EV
PB,B046,EH,40.32197,-124.2843,44.0,800.0,manual,0.65,9.279999732971191,1519.0,manual,0.58,nc72108406,2013-11-16 08:40:06.750000,,40.783,-124.32217,,,,22.33,,1.9,ml,,,0.4631,51.3,356.4,[30.20000076 29.5        27.29999924],[[2370.]],2013-11-16 08:40:08.030000,earthquake_local,B046.PB_20131116084007_EV
PB,B065,EH,36.743667,-121.474167,643.0,800.0,manual,0.65,4.110000133514404,1106.0,manual,0.53,nc72240106,2014-06-19 07:12:27.950000,,36.8895,-121.34817,,,,8.49,,0.84,md,,,0.1775,19.71,34.7,[14.89999962 17.         13.80000019],[[1855.]],2014-06-19 07:12:24.060000,earthquake_local,B065.PB_20140619071223_EV
TA,A21K,BH,71.3221,-156.6175,5.0,,,,,,,,,,,,,,,,,,,,,,,,,,,2018-07-26 07:38:00,noise,A21K.TA_201807260738_NO
DK,ANGG,HH,65.616302,-37.6371,9.0,,,,,,,,,,,,,,,,,,,,,,,,,,,2018-01-15 00:22:24,noise,ANGG.DK_20180115002224_NO
HV,AHUD,EH,19.371567,-155.263462,1051.0,396.0,autopicker,0.88,1.409999966621399,536.0,autopicker,0.97,hv70380941,2018-07-08 05:36:59.110000,,19.39983,-155.30051,,,,1.41,,1.86,ml,,,0.04487,4.99,308.0,[21.         15.60000038 32.09999847],[[1352.]],2018-07-08 05:36:56.560000,earthquake_local,AHUD.HV_20180708053655_EV
AV,AMKA,BH,51.3771,179.3,116.0,700.0,manual,0.83,8.690999984741211,1331.9,manual,0.73,ak011ywhh2w,2011-01-21 10:41:29.843000,,51.5793,179.8716,0.53,,0.0,8.7,0.2,2.3,ml,,,0.406,45.64,60.75,[30.70000076 24.89999962 24.20000076],[[2963.]],2011-01-21 10:41:31.534000,earthquake_local,AMKA.AV_20110121104130_EV
KR,ARSB,BH,41.32333,72.98111,1378.0,500.0,manual,0.5,18.670000076293945,1780.0,manual,0.5,606443615,2014-04-26 13:57:25.43,1.12,42.2537,72.4798,1.171,80.667,4.31089,4.65,,2.4,mb,,,1.0,111.42,157.8,[11.60000038 12.30000019 12.        ],[[5900.]],2014-04-26 13:57:39.100000,earthquake_local,ARSB.KR_20140426135738_EV
PB,B045,EH,40.436,-123.9965,29.4,700.0,manual,0.69,4.789999961853027,1112.0,manual,0.69,nc72237701,2014-06-14 11:51:25.500000,,40.5905,-124.09,,,,18.73,,2.18,md,,,0.1703,18.9,335.3,[51.59999847 48.90000153 43.29999924],[[1813.]],2014-06-14 11:51:23.290000,earthquake_local,B045.PB_20140614115122_EV
CN,BMTB,HH,56.0451,-122.1332,1099.0,,,,,,,,,,,,,,,,,,,,,,,,,,,2018-01-15 18:21:06,noise,BMTB.CN_20180115182106_NO
ZQ,AAM3,HH,-26.374,27.416,1597.1,1237.2,autopicker,0.68,3.920000076293945,1447.2,autopicker,0.8,391432,2008-06-14 16:39:48.600,0.55,-26.391,27.432,0.2,217.0,3.8,2.0,,1.7,ml,,,0.0222,2.47,139.7136,[ 0.40000001 26.29999924 27.89999962],[[2062.]],2008-06-14 16:39:40.148000,earthquake_local,AAM3.ZQ_20080614163939_EV
AK,ANM,BH,64.5646,-165.3732,338.0,700.0,manual,0.54,14.270999908447266,1665.1,manual,0.6,ak18575507,2018-02-18 16:43:11.451000,1.24,65.2235,-166.0573,0.61,,4.564,9.9,0.8,2.5,ml,,,0.72,79.92,335.92,[46.79999924 43.5        42.29999924],[[2563.]],2018-02-18 16:43:18.722000,earthquake_local,ANM.AK_20180218164318_EV
PB,B054,EH,37.8602,-122.1995,405.6,400.0,manual,0.62,4.829999923706055,787.0,manual,0.55,nc72453866,2015-05-23 01:43:39.530000,,37.71267,-122.0125,,,,5.37,,1.08,md,,,0.209,23.23,135.0,[14.39999962 20.79999924 12.39999962],[[2348.]],2015-05-23 01:43:40.360000,earthquake_local,B054.PB_20150523014339_EV
PB,B066,EH,36.857533,-121.592167,67.0,800.0,manual,0.66,0.6100000143051147,853.0,manual,0.58,nc72157831,2014-02-06 23:41:48.090000,,36.85233,-121.577,,,,3.68,,0.7,md,,,0.01351,1.47,113.2,[25.60000038 26.10000038 26.        ],[[1811.]],2014-02-06 23:41:40.700000,earthquake_local,B066.PB_20140206234139_EV
PB,B065,EH,36.743667,-121.474167,643.0,700.0,manual,0.53,3.190000057220459,928.0,manual,0.0,nc71818646,2012-07-19 08:13:27.290000,,36.6861667,-121.3031667,0.07,73.0,0.33,8.42,0.58,0.68,md,NC,,0.1486,16.56,112.8,[22.10000038 22.5        17.89999962],[[2311.]],2012-07-19 08:13:23.480000,earthquake_local,B065.PB_20120719081322_EV
AE,113A,HH,32.768299,-113.766701,118.0,,,,,,,,,,,,,,,,,,,,,,,,,,,2018-01-16 14:44:06,noise,113A.AE_20180116144406_NO
AE,BABIT,HH,35.745548,-112.422218,1693.6,,,,,,,,,,,,,,,,,,,,,,,,,,,2018-01-15 01:40:06,noise,BABIT.AE_20180115014006_NO
AV,AU22,BH,59.3702,-153.3573,105.0,700.0,manual,0.95,14.142000198364258,1825.7,manual,0.73,ak16399277,2017-08-02 01:45:24.028000,,59.765,-152.699,,,,88.3,,1.5,ml,,,0.517,57.61,40.47,[10.30000019 19.10000038  6.4000001 ],[[3199.]],2017-08-02 01:45:31.170000,earthquake_local,AU22.AV_20170802014530_EV
KZ,ABKAR,BH,49.2556,59.9431,243.0,,,,,,,,,,,,,,,,,,,,,,,,,,,2007-02-25 02:45:00,noise,ABKAR.KZ_200702250245_NO
PB,B047,EH,40.25047,-124.17133,80.0,1000.0,manual,0.43,15.68000030517578,2414.0,manual,0.0,nc72358041,2014-11-29 23:48:37.570000,,40.273,-125.3892,,,,27.8,,3.3,ml,,,0.9315,103.4,271.4,[56.09999847 57.29999924 52.        ],[[4198.]],2014-11-29 23:48:43.250000,earthquake_local,B047.PB_20141129234843_EV
EC,ANTS,HH,-0.4973,-78.170403,4580.0,,,,,,,,,,,,,,,,,,,,,,,,,,,2018-01-15 18:14:06,noise,ANTS.EC_20180115181406_NO
PB,B040,EH,41.8308,-122.40383,820.0,,,,,,,,,,,,,,,,,,,,,,,,,,,2016-12-21 22:00:00,noise,B040.PB_201612212200_NO
AV,ANCK,BH,58.1981,-155.4961,869.0,,,,,,,,,,,,,,,,,,,,,,,,,,,2018-02-13 19:50:00,noise,ANCK.AV_201802131950_NO
HV,AHUD,EH,19.371567,-155.263462,1051.0,,,,,,,,,,,,,,,,,,,,,,,,,,,2017-02-27 09:35:00,noise,AHUD.HV_201702270935_NO
PB,B013,EH,47.813,-122.9108,75.3,400.0,manual,0.95,12.239999771118164,1366.0,manual,0.93,uw10743838,2008-05-11 18:10:55.730000,,47.3072,-122.2247,0.29,47.0,0.4,20.89,0.29,2.1,md,,"[[8.0e+01 9.0e+01 1.0e+10]
 [3.5e+02 4.0e+01 1.0e+10]]",0.6871,76.35,137.8,[25.5        23.29999924 20.60000038],[[2277.]],2008-05-11 18:11:03.970000,earthquake_local,B013.PB_20080511181102_EV
HV,AHUD,EH,19.371567,-155.263462,1051.0,,,,,,,,,,,,,,,,,,,,,,,,,,,2013-10-30 06:16:00,noise,AHUD.HV_201310300616_NO
LD,ASNY,HH,44.39812,-73.8103,330.0,,,,,,,,,,,,,,,,,,,,,,,,,,,2017-01-25 15:08:00,noise,ASNY.LD_201701251508_NO
AT,AKUT,BH,54.13517,-165.77185,19.2,,,,,,,,,,,,,,,,,,,,,,,,,,,2015-04-26 14:04:00,noise,AKUT.AT_201504261404_NO
PB,B932,EH,40.28413,-124.20469,52.0,,,,,,,,,,,,,,,,,,,,,,,,,,,2010-08-02 10:18:00,noise,B932.PB_201008021018_NO
LD,BRNY,HH,41.414036,-74.011889,248.0,,,,,,,,,,,,,,,,,,,,,,,,,,,2018-01-15 22:47:06,noise,BRNY.LD_20180115224706_NO
BK,BL67,HH,37.87492,-122.24318,736.0,,,,,,,,,,,,,,,,,,,,,,,,,,,2017-05-25 03:19:00,noise,BL67.BK_201705250319_NO
5H,BEAR,HH,37.528999,-78.287003,107.0,,,,,,,,,,,,,,,,,,,,,,,,,,,2018-01-16 10:39:06,noise,BEAR.5H_20180116103906_NO
AC,BCI,HH,42.3666,20.067499,500.0,,,,,,,,,,,,,,,,,,,,,,,,,,,2018-01-15 08:03:00,noise,BCI.AC_20180115080300_NO
N4,ABTX,HH,32.6238,-99.6431,502.0,,,,,,,,,,,,,,,,,,,,,,,,,,,2018-08-31 04:53:00,noise,ABTX.N4_201808310453_NO
HV,AHUD,EH,19.371567,-155.263462,1051.0,703.0,autopicker,0.9,1.3899999856948853,949.0,autopicker,0.93,hv70458622,2018-07-22 06:10:07.370000,,19.4065,-155.26683,,,,0.87,,2.48,ml,,,0.0349,3.88,354.0,[34.59999847 31.79999924 41.90000153],[[2390.]],2018-07-22 06:10:01.730000,earthquake_local,AHUD.HV_20180722061000_EV
PB,B065,EH,36.743667,-121.474167,643.0,800.0,manual,0.64,4.559999942779541,1138.0,manual,0.57,nc72126396,2013-12-18 10:19:40.670000,,36.619,-121.236,,,,5.2,,0.7,md,,,0.2288,25.39,123.1,[14.39999962 16.39999962 14.10000038],[[2401.]],2013-12-18 10:19:37.230000,earthquake_local,B065.PB_20131218101936_EV
TA,109C,HH,32.8889,-117.1051,150.0,,,,,,,,,,,,,,,,,,,,,,,,,,,2017-08-28 20:30:00,noise,109C.TA_201708282030_NO
PB,B058,EH,36.7995,-121.5808,114.2,700.0,manual,0.64,1.4299999475479126,804.0,manual,0.53,nc72752260,2017-01-14 21:42:53.120000,,36.851,-121.57633,,,,4.16,,1.04,md,,,0.05153,5.73,4.0,[41.5        41.29999924 42.29999924],[[1815.]],2017-01-14 21:42:47.550000,earthquake_local,B058.PB_20170114214246_EV
HL,ARG,SH,36.21356,28.12122,148.0,600.0,manual,0.5,11.8100004196167,1520.0,manual,0.5,13489815,2008-03-16 06:03:52.69,0.55,35.9892,27.394,0.9456,121.713,7.2236,12.8,,2.8,md,,,0.64,70.06,68.9,[17.5        21.60000038 22.5       ],[[5080.]],2008-03-16 06:03:58.500000,earthquake_local,ARG.HL_20080316060357_EV
PB,B046,EH,40.32197,-124.2843,44.0,500.0,manual,0.42,9.710000038146973,1223.0,manual,0.0,nc72509656,2015-08-20 20:36:09.550000,,40.5577,-124.8825,,,,24.8,,2.8,md,,,0.5135,57.0,297.2,[43.70000076 43.5        42.20000076],[[1702.]],2015-08-20 20:36:14.260000,earthquake_local,B046.PB_20150820203614_EV
HV,AHUD,EH,19.371567,-155.263462,1051.0,900.0,manual,0.67,1.2799999713897705,989.0,manual,0.58,hv70086666,2018-04-20 22:01:10.680000,,19.38967,-155.2775,,,,1.56,,1.21,md,,,0.02236,2.49,323.8,[33.5        33.59999847 38.40000153],[[2156.]],2018-04-20 22:01:02.960000,earthquake_local,AHUD.HV_20180420220101_EV
AV,AUSB,BH,59.333,-153.4284,230.0,381.0,autopicker,0.51,12.039999961853027,1379.0,autopicker,0.49,ak16334120,2017-07-15 05:49:09.410000,,58.8902,-152.7164,,,,56.5,,2.2,ml,,,0.574,64.01,140.77,[33.20000076 23.5        25.39999962],[[3199.]],2017-07-15 05:49:17.640000,earthquake_local,AUSB.AV_20170715054916_EV
AV,AKLV,BH,54.1618,-165.9576,551.0,500.0,manual,0.9,20.979999542236328,2050.0,manual,0.0,usb000sh7d,2014-09-16 06:52:56.000000,0.76,53.7871,-164.0599,0.38,,6.667,39.3,10.1,2.7,ml,,,1.18218,131.22,109.283,[33.20000076 32.29999924 29.39999962],[[3731.]],2014-09-16 06:53:11.980000,earthquake_local,AKLV.AV_20140916065311_EV
IC,BJT,BH,40.0183,116.1679,197.0,,,,,,,,,,,,,,,,,,,,,,,,,,,2018-01-15 12:07:18,noise,BJT.IC_20180115120718_NO
HV,AHUD,EH,19.371567,-155.263462,1051.0,400.0,manual,0.63,5.909999847412109,841.0,manual,0.54,hv61736856,2017-05-08 03:48:44.400000,,19.22183,-155.40033,,,,33.0,,1.77,md,,,0.1972,21.95,220.8,[14.69999981 12.69999981 16.39999962],[[2564.]],2017-05-08 03:48:46.310000,earthquake_local,AHUD.HV_20170508034845_EV
HV,AHUD,EH,19.371567,-155.263462,1051.0,403.0,autopicker,0.85,1.3600000143051147,524.0,autopicker,0.59,hv70233862,2018-06-05 06:04:15.490000,,19.396,-155.27583,,,,1.31,,2.37,ml,,,0.02697,3.0,334.0,[14.10000038 16.20000076 21.10000038],[[1290.]],2018-06-05 06:04:12.820000,earthquake_local,AHUD.HV_20180605060411_EV
PB,B047,EH,40.25047,-124.17133,80.0,600.0,manual,0.69,9.880000114440918,1371.0,manual,0.6,nc72572160,2015-12-31 23:53:17.350000,,40.45767,-124.763,,,,24.96,,2.32,md,,,0.4973,55.28,294.5,[41.         38.90000153 41.70000076],[[1845.]],2015-12-31 23:53:21.230000,earthquake_local,B047.PB_20151231235320_EV
PB,B011,EH,48.649543,-123.448192,22.0,800.0,manual,1.0,11.390000343322754,1626.0,manual,0.53,uw60433927,2012-08-01 12:07:22.680000,,48.8666667,-122.5495,0.16,152.0,0.58,11.13,0.41,0.94,md,UW,,0.6332,70.35,70.2,[19.         19.79999924 20.29999924],[[3199.]],2012-08-01 12:07:26.070000,earthquake_local,B011.PB_20120801120725_EV
LD,ASNY,HH,44.39812,-73.8103,330.0,,,,,,,,,,,,,,,,,,,,,,,,,,,2017-09-27 04:46:00,noise,ASNY.LD_201709270446_NO
CI,ADO,HH,34.550461,-117.433907,908.0,,,,,,,,,,,,,,,,,,,,,,,,,,,2018-01-16 15:42:54,noise,ADO.CI_20180116154254_NO
C1,AP01,HH,-18.3708,-70.3419,31.0,,,,,,,,,,,,,,,,,,,,,,,,,,,2018-05-09 11:07:00,noise,AP01.C1_201805091107_NO
AV,AMKA,BH,51.3771,179.3,116.0,801.0,autopicker,0.93,6.040999889373779,1217.0,autopicker,0.8,ak010dx4fm5u,2010-10-30 01:00:12.029000,,51.6176,179.3924,0.27,,0.0,11.0,0.1,2.4,ml,,,0.244,27.52,13.08,[39.5        35.90000153 30.10000038],[[1743.]],2010-10-30 01:00:10.060000,earthquake_local,AMKA.AV_20101030010009_EV
ZQ,AAM1,HH,-26.427,27.423,1169.9,1075.6,autopicker,0.93,2.1600000858306885,1113.6,autopicker,0.78,438423,2007-09-05 16:46:34.100,1.18,-26.438,27.423,0.5,160.0,4.7,2.0,,1.8,ml,,,0.011,1.22,180.0,[48.         45.29999924 47.59999847],[[2303.]],2007-09-05 16:46:25.504000,earthquake_local,AAM1.ZQ_20070905164624_EV
HV,ALEP,EH,19.541178,-155.644036,2894.0,702.0,autopicker,0.88,8.609999656677246,1331.0,autopicker,0.69,hv61131446,2015-12-21 02:01:26.580000,,19.51383,-155.15367,,,,28.64,,2.42,md,,,0.4633,51.56,94.0,[43.90000153 45.09999847 42.40000153],[[2102.]],2015-12-21 02:01:28.170000,earthquake_local,ALEP.HV_20151221020127_EV
C1,AC01,HH,-26.1479,-70.5987,346.0,,,,,,,,,,,,,,,,,,,,,,,,,,,2018-06-07 21:27:00,noise,AC01.C1_201806072127_NO
C1,AC06,HH,-27.357117,-70.354689,380.0,,,,,,,,,,,,,,,,,,,,,,,,,,,2018-01-16 13:16:36,noise,AC06.C1_20180116131636_NO
KZ,ABKAR,BH,49.2556,59.9431,243.0,,,,,,,,,,,,,,,,,,,,,,,,,,,2012-01-08 22:11:00,noise,ABKAR.KZ_201201082211_NO
IU,BILL,BH,68.0653,166.4531,320.0,,,,,,,,,,,,,,,,,,,,,,,,,,,2018-01-15 09:39:36,noise,BILL.IU_20180115093936_NO
HV,AHUD,EH,19.371567,-155.263462,1051.0,792.0,autopicker,0.67,1.6399999856948853,945.0,autopicker,0.62,hv70506602,2018-08-01 08:32:09.690000,,19.4206657,-155.2680054,0.21,42.0,0.33,1.16,0.19,2.46,ml,HV,,0.04903,5.46,354.0,[17.79999924 19.39999962 17.29999924],[[2195.]],2018-08-01 08:32:03.410000,earthquake_local,AHUD.HV_20180801083202_EV
PB,B058,EH,36.7995,-121.5808,114.2,700.0,manual,0.6,6.53000020980835,1243.0,manual,0.0,nc71825586,2012-08-02 10:16:56.970000,,37.1293333,-121.5288333,0.05,66.0,0.18,7.22,0.57,1.07,md,NC,,0.3333,36.89,7.2,[25.         20.39999962 17.        ],[[1783.]],2012-08-02 10:16:56.500000,earthquake_local,B058.PB_20120802101655_EV
IU,AFI,BH,-13.9085,-171.7827,706.0,,,,,,,,,,,,,,,,,,,,,,,,,,,2018-01-16 01:53:24,noise,AFI.IU_20180116015324_NO
AV,AKS,EH,54.1095,-165.6987,213.0,,,,,,,,,,,,,,,,,,,,,,,,,,,2018-01-16 19:38:06,noise,AKS.AV_20180116193806_NO
AV,AMKA,BH,51.3771,179.3,116.0,,,,,,,,,,,,,,,,,,,,,,,,,,,2018-01-16 05:58:24,noise,AMKA.AV_20180116055824_NO
AV,AKV,BH,54.1253,-165.9647,863.0,,,,,,,,,,,,,,,,,,,,,,,,,,,2018-07-08 11:53:00,noise,AKV.AV_201807081153_NO
ZQ,AAM2,HH,-26.473,27.491,1555.2,922.6,autopicker,0.82,3.0899999141693115,1039.6,autopicker,0.64,422336,2008-12-18 20:46:35.500,0.56,-26.422,27.336,0.2,125.0,1.6,2.0,,1.4,ml,,,0.1483,16.46,290.0439,[28.29999924 25.89999962 32.09999847],[[2313.]],2008-12-18 20:46:29.364000,earthquake_local,AAM2.ZQ_20081218204628_EV
HV,AHUD,EH,19.371567,-155.263462,1051.0,,,,,,,,,,,,,,,,,,,,,,,,,,,2015-10-29 18:58:00,noise,AHUD.HV_201510291858_NO
HV,AHUD,EH,19.371567,-155.263462,1051.0,,,,,,,,,,,,,,,,,,,,,,,,,,,2014-09-06 09:19:00,noise,AHUD.HV_201409060919_NO
AT,AKUT,BH,54.13517,-165.77185,19.2,,,,,,,,,,,,,,,,,,,,,,,,,,,2017-05-28 17:12:00,noise,AKUT.AT_201705281712_NO
PB,B067,EH,36.765,-121.5655,126.2,900.0,manual,0.51,2.9800000190734863,1126.0,manual,0.0,nc71746041,2012-03-04 04:20:45.170000,,36.7605,-121.3946667,0.18,54.0,0.4,9.43,1.0,0.76,md,NC,,0.1369,15.26,91.9,[23.20000076 26.60000038 25.70000076],[[1728.]],2012-03-04 04:20:39.150000,earthquake_local,B067.PB_20120304042038_EV
ET,BCRT,EH,35.766,-84.576,409.0,,,,,,,,,,,,,,,,,,,,,,,,,,,2018-01-15 15:15:36,noise,BCRT.ET_20180115151536_NO
AE,319A,HH,31.3757,-109.280899,1187.0,,,,,,,,,,,,,,,,,,,,,,,,,,,2018-01-16 18:16:54,noise,319A.AE_20180116181654_NO
ZQ,AAM4,HH,-26.931,27.366,1413.2,311.7,autopicker,0.94,4.159999847412109,413.7,autopicker,0.87,42498,2008-06-01 09:02:57.700,1.44,-26.42,27.498,0.5,187.0,5.2,2.0,,1.4,ml,,,0.5236,58.12,13.0948,[47.79999924 51.40000153 55.5       ],[[1031.]],2008-06-01 09:02:58.743000,earthquake_local,AAM4.ZQ_20080601090257_EV
PR,AGPR,BH,18.467493,-67.111183,119.9,800.0,manual,0.5,18.65999984741211,1807.0,autopicker,0.55,606630464,2015-01-31 03:05:04.42,1.74,19.0829,-68.016,0.3964,197.464,,20.0,,3.5,md,,,1.05,117.22,125.4,[20.29999924 15.80000019 21.39999962],[[4928.]],2015-01-31 03:05:15.080000,earthquake_local,AGPR.PR_20150131030514_EV
CI,ARV,HH,35.1269,-118.83009,258.0,800.0,manual,0.66,3.630000114440918,1111.0,manual,0.0,ci37299912,2014-12-29 04:31:24.520000,,35.17267,-118.9975,,,,12.41,,1.92,ml,,,0.1446,16.08,288.4,[36.5        38.         34.20000076],[[1955.]],2014-12-29 04:31:20.150000,earthquake_local,ARV.CI_20141229043119_EV
HT,AGG,HH,39.0211,22.336,625.0,400.0,manual,0.5,14.90999984741211,1489.0,autopicker,0.88,603732398,2013-04-11 04:40:48.29,0.75,38.2872,22.6033,1.1505,51.439,2.61378,13.76,,3.7,mb,,,0.76,84.73,343.8,[21.29999924 20.89999962 19.5       ],[[5256.]],2013-04-11 04:40:59.200000,earthquake_local,AGG.HT_20130411044058_EV
ZQ,AAM1,HH,-26.427,27.423,1169.9,1402.2,autopicker,0.91,7.460000038146973,1630.2,autopicker,0.69,422563,2009-01-27 21:46:10.600,0.34,-26.422,27.563,0.1,149.0,1.4,2.0,,1.8,ml,,,0.1259,13.98,87.7596,[27.60000038 26.29999924 26.79999924],[[2482.]],2009-01-27 21:46:04.038000,earthquake_local,AAM1.ZQ_20090127214603_EV
AV,AKRB,BH,54.1292,-166.0708,334.0,900.0,manual,0.56,10.611000061035156,1745.8,manual,1.0,ak19244671,2018-04-13 22:16:37.294000,,53.6528,-165.9507,,,,32.5,,1.7,ml,,,0.482,53.61,171.6,[6.9000001 6.5       3.5999999],[[3199.]],2018-04-13 22:16:38.905000,earthquake_local,AKRB.AV_20180413221637_EV
TA,A21K,BH,71.3221,-156.6175,5.0,,,,,,,,,,,,,,,,,,,,,,,,,,,2018-08-30 18:37:00,noise,A21K.TA_201808301837_NO
HV,AHUD,EH,19.371567,-155.263462,1051.0,,,,,,,,,,,,,,,,,,,,,,,,,,,2017-08-28 00:09:00,noise,AHUD.HV_201708280009_NO
KZ,ABKAR,BH,49.2556,59.9431,243.0,,,,,,,,,,,,,,,,,,,,,,,,,,,2012-09-26 20:05:00,noise,ABKAR.KZ_201209262005_NO
PB,B007,EH,48.057577,-123.504113,293.0,700.0,manual,0.95,6.519999980926514,1214.0,manual,0.93,uw10833498,2011-10-29 00:32:37.130000,,48.1945,-123.065,0.08,200.0,0.4,20.54,0.77,0.8,md,UW,,0.3245,36.06,65.1,[16.70000076 19.70000076 19.39999962],[[1957.]],2011-10-29 00:32:36.650000,earthquake_local,B007.PB_20111029003235_EV
CN,A11,HH,47.2431,-70.1969,55.0,,,,,,,,,,,,,,,,,,,,,,,,,,,2018-01-16 17:41:54,noise,A11.CN_20180116174154_NO
AU,BLDU,BH,-30.6147,116.709099,280.0,,,,,,,,,,,,,,,,,,,,,,,,,,,2018-01-16 09:23:30,noise,BLDU.AU_20180116092330_NO
HV,AHUD,EH,19.371567,-155.263462,1051.0,,,,,,,,,,,,,,,,,,,,,,,,,,,2011-05-31 09:39:00,noise,AHUD.HV_201105310939_NO
CC,ASBU,BH,43.82056,-121.368401,1538.0,,,,,,,,,,,,,,,,,,,,,,,,,,,2013-09-08 05:00:00,noise,ASBU.CC_201309080500_NO
CC,ASBU,BH,43.82056,-121.368401,1538.0,,,,,,,,,,,,,,,,,,,,,,,,,,,2013-01-11 08:28:00,noise,ASBU.CC_201301110828_NO
HT,AGG,HH,39.0211,22.336,625.0,400.0,manual,0.5,12.130000114440918,1417.0,autopicker,0.81,14757173,2010-04-12 05:30:58.47,0.74,38.4128,22.002,0.5469,33.666,2.27379,9.92,,3.4,mb,,,0.66,73.51,22.8,[46.         42.20000076 40.70000076],[[2787.]],2010-04-12 05:31:06.600000,earthquake_local,AGG.HT_20100412053105_EV
AV,AMKA,BH,51.3771,179.3,116.0,500.0,manual,0.49,11.920000076293944,1289.0,manual,0.92,us1000360m,2015-08-25 10:42:25.000000,1.09,51.7263,179.9626,0.54,,3.76,18.4,2.9,2.6,ml,,,0.54171,60.13,50.05,[34.20000076 32.59999847 27.29999924],[[2103.]],2015-08-25 10:42:31.920000,earthquake_local,AMKA.AV_20150825104231_EV
CI,ARV,HH,35.1269,-118.83009,258.0,800.0,manual,0.58,5.929999828338623,1252.0,manual,0.58,ci14346688,2008-02-08 10:23:16.040000,,34.8371667,-118.908,0.21,178.0,0.66,15.02,0.73,1.1,ml,CI,,0.2961,32.92,192.4,[12.89999962  7.30000019  6.80000019],[[1997.]],2008-02-08 10:23:13.970000,earthquake_local,ARV.CI_20080208102312_EV
NC,BBGB,HH,36.57848,-121.03957,1089.0,,,,,,,,,,,,,,,,,,,,,,,,,,,2011-10-24 02:32:00,noise,BBGB.NC_201110240232_NO
CN,A11,HH,47.2431,-70.1969,55.0,,,,,,,,,,,,,,,,,,,,,,,,,,,2018-01-15 05:42:18,noise,A11.CN_20180115054218_NO
NC,AFD,HN,38.94596,-120.96898,505.0,,,,,,,,,,,,,,,,,,,,,,,,,,,2016-09-24 00:12:00,noise,AFD.NC_201609240012_NO
CI,BEL,HH,34.0006,-115.9982,1388.0,,,,,,,,,,,,,,,,,,,,,,,,,,,2018-01-15 23:08:06,noise,BEL.CI_20180115230806_NO
AE,113A,HH,32.7683,-113.7667,118.0,,,,,,,,,,,,,,,,,,,,,,,,,,,2017-03-04 00:59:00,noise,113A.AE_201703040059_NO
AK,ATKA,BH,52.2016,-174.1975,55.0,900.0,manual,0.76,17.7810001373291,2262.4,manual,0.6,ak012gonmt15,2012-12-28 19:40:08.252000,,51.6934,-175.5622,0.23,,0.0,47.3,1.9,2.2,ml,,,0.983,109.55,238.32,[ 3.29999995 10.89999962  4.9000001 ],[[3100.]],2012-12-28 19:40:17.033000,earthquake_local,ATKA.AK_20121228194016_EV
AK,ATKA,BH,52.2016,-174.1975,55.0,900.0,manual,0.5,43.709999084472656,4456.0,manual,0.0,us10005cb7,2016-04-22 00:14:05.000000,2.64,51.7367,-178.4745,1.3,190.0,,9.6,4.7,2.5,ml,,,2.68622,298.17,258.339,[21.29999924 20.39999962  9.60000038],[[5999.]],2016-04-22 00:14:39.710000,earthquake_local,ATKA.AK_20160422001439_EV
PB,B011,EH,48.649543,-123.448192,22.0,900.0,manual,0.57,13.300000190734863,1882.0,manual,0.61,uw61321797,2017-10-26 05:01:33.260000,,48.39,-122.33533,,,,17.09,,1.38,ml,,,0.7842,87.13,109.8,[23.         22.39999962 21.79999924],[[2935.]],2017-10-26 05:01:37.560000,earthquake_local,B011.PB_20171026050136_EV
AT,AKUT,BH,54.13517,-165.77185,19.2,,,,,,,,,,,,,,,,,,,,,,,,,,,2007-02-15 06:50:00,noise,AKUT.AT_200702150650_NO
CI,BEL,HH,34.0006,-115.9982,1388.0,,,,,,,,,,,,,,,,,,,,,,,,,,,2018-01-15 08:33:06,noise,BEL.CI_20180115083306_NO
PB,B039,EH,41.4667,-122.4847,923.9,700.0,manual,0.0,6.769999980926514,1204.0,autopicker,0.76,nc71502760,2010-12-29 13:58:50.760000,,41.1948333,-122.1848333,0.06,131.0,0.7,5.9,1.95,1.52,md,NC,,0.3541,39.27,140.4,[31.10000038 26.89999962 26.79999924],[[2101.]],2010-12-29 13:58:50.530000,earthquake_local,B039.PB_20101229135849_EV
HV,AHUD,EH,19.371567,-155.263462,1051.0,496.0,autopicker,0.8,1.5399999618530271,641.0,autopicker,0.81,hv70416137,2018-07-13 10:30:42.410000,,19.4145,-155.27567,,,,0.8,,2.42,ml,,,0.04423,4.92,344.0,[14.60000038 17.20000076 21.20000076],[[1572.]],2018-07-13 10:30:38.990000,earthquake_local,AHUD.HV_20180713103037_EV
HV,ALEP,EH,19.541178,-155.644036,2894.0,500.0,manual,0.62,2.8399999141693115,701.0,manual,0.0,hv60946716,2015-05-27 16:31:17.920000,,19.46217,-155.61033,,,,2.15,,1.96,ml,,,0.08479,9.43,158.1,[54.29999924 53.70000076 53.20000076],[[1804.]],2015-05-27 16:31:15.760000,earthquake_local,ALEP.HV_20150527163114_EV
HL,ARG,SH,36.21356,28.12122,148.0,500.0,manual,0.5,15.369999885559082,1859.0,autopicker,0.84,7388410,2004-08-12 17:39:52.13,0.63,36.8677,27.6389,0.9897,83.501,6.9891,12.19,,3.2,md,,,0.76,84.47,148.8,[26.39999962 39.         26.10000038],[[5900.]],2004-08-12 17:40:02.500000,earthquake_local,ARG.HL_20040812174001_EV
PB,B046,EH,40.32197,-124.2843,44.0,,,,,,,,,,,,,,,,,,,,,,,,,,,2014-12-15 07:23:00,noise,B046.PB_201412150723_NO
HV,AIND,HH,19.372067,-155.457228,1524.0,597.0,autopicker,0.66,5.53000020980835,1068.0,autopicker,0.63,hv60901441,2015-04-23 20:37:18.370000,,19.33633,-155.20033,,,,4.25,,0.99,md,,,0.2451,27.28,99.0,[13.5         9.89999962  2.29999995],[[1819.]],2015-04-23 20:37:17.930000,earthquake_local,AIND.HV_20150423203716_EV
HV,ALEP,EH,19.541178,-155.644036,2894.0,400.0,manual,0.63,3.839999914169312,652.0,manual,0.51,hv60974701,2015-07-07 13:21:14.660000,,19.409,-155.6325,,,,1.51,,0.84,md,,,0.1319,14.68,175.3,[26.79999924 20.5        24.29999924],[[1807.]],2015-07-07 13:21:14.500000,earthquake_local,ALEP.HV_20150707132113_EV
PB,B065,EH,36.74367,-121.47417,643.0,,,,,,,,,,,,,,,,,,,,,,,,,,,2009-04-22 04:09:00,noise,B065.PB_200904220409_NO
HV,ALEP,EH,19.541178,-155.644036,2894.0,600.0,manual,0.63,4.019999980926514,874.0,manual,0.0,hv61753431,2017-05-16 17:08:28.070000,,19.43717,-155.49617,,,,10.73,,2.21,ml,,,0.1737,19.33,126.8,[44.5        44.79999924 46.40000153],[[2296.]],2017-05-16 17:08:26.090000,earthquake_local,ALEP.HV_20170516170825_EV
NN,BAB,HN,39.60133,-120.104,2664.0,,,,,,,,,,,,,,,,,,,,,,,,,,,2018-09-01 19:39:00,noise,BAB.NN_201809011939_NO
II,ABPO,BH,-19.018,47.229,1528.0,,,,,,,,,,,,,,,,,,,,,,,,,,,2018-01-15 19:43:42,noise,ABPO.II_20180115194342_NO
NC,BPRB,HN,36.40721,-121.73067,738.0,,,,,,,,,,,,,,,,,,,,,,,,,,,2018-06-04 13:13:00,noise,BPRB.NC_201806041313_NO
AV,AKRB,BH,54.1292,-166.0708,334.0,400.0,manual,0.5,48.150001525878906,4057.0,manual,0.5,606631746,2015-01-31 20:47:10.67,0.68,56.5536,-169.0829,1.2719,36.518,6.01537,6.8,,5.2,mw,,,2.98,330.65,143.4,[33.5        31.60000038 34.29999924],[[5900.]],2015-01-31 20:47:54.820000,earthquake_local,AKRB.AV_20150131204753_EV
AK,BPAW,BH,64.099701,-150.987305,619.0,,,,,,,,,,,,,,,,,,,,,,,,,,,2018-01-15 10:15:18,noise,BPAW.AK_20180115101518_NO
HV,AHUD,EH,19.371567,-155.263462,1051.0,,,,,,,,,,,,,,,,,,,,,,,,,,,2011-07-24 01:53:00,noise,AHUD.HV_201107240153_NO
AV,AUL,BH,59.3823,-153.4357,360.0,600.0,manual,1.0,5.014999866485596,948.9,manual,0.75,ak012dyze9sb,2012-10-30 13:47:27.793000,,59.3856,-153.8836,0.71,,0.0,11.3,0.2,2.0,ml,,,0.227,25.46,270.82,[31.         33.40000153 33.29999924],[[1740.]],2012-10-30 13:47:26.808000,earthquake_local,AUL.AV_20121030134725_EV
AE,319A,HH,31.3757,-109.2809,1187.0,,,,,,,,,,,,,,,,,,,,,,,,,,,2017-04-18 09:14:00,noise,319A.AE_201704180914_NO
GL,AMC,HH,16.04768,-61.665901,1346.0,,,,,,,,,,,,,,,,,,,,,,,,,,,2018-01-15 13:36:12,noise,AMC.GL_20180115133612_NO
HV,AHUD,EH,19.371567,-155.263462,1051.0,620.0,autopicker,0.87,1.2899999618530271,744.0,autopicker,0.68,hv70442832,2018-07-18 23:54:56.040000,,19.4095,-155.26151,,,,0.9,,2.24,ml,,,0.03778,4.2,3.0,[29.10000038 31.70000076 33.90000153],[[1736.]],2018-07-18 23:54:51.130000,earthquake_local,AHUD.HV_20180718235450_EV
HV,AHUD,EH,19.371567,-155.263462,1051.0,796.0,autopicker,0.59,1.1200000047683716,897.0,autopicker,0.67,hv70451357,2018-07-20 18:31:36.350000,,19.40333,-155.25317,,,,2.11,,2.19,md,,,0.03306,3.68,18.0,[14.39999962 12.30000019 15.39999962],[[1996.]],2018-07-20 18:31:29.510000,earthquake_local,AHUD.HV_20180720183128_EV
AU,AS31,BH,-23.666,133.904007,607.0,,,,,,,,,,,,,,,,,,,,,,,,,,,2018-01-16 12:45:06,noise,AS31.AU_20180116124506_NO
C1,AP01,HH,-18.3708,-70.3419,31.0,,,,,,,,,,,,,,,,,,,,,,,,,,,2018-01-16 02:55:42,noise,AP01.C1_20180116025542_NO
PB,B018,EH,46.9795,-123.0203,10.0,500.0,manual,0.95,8.579999923706055,1187.0,manual,0.93,uw10751828,2008-05-28 23:05:31.680000,,46.7048333,-122.4653333,0.11,122.0,0.5,16.28,1.24,1.1,md,UW,,0.4697,52.2,126.1,[15.39999962 14.60000038 11.89999962],[[3199.]],2008-05-28 23:05:35.260000,earthquake_local,B018.PB_20080528230534_EV
US,AHID,BH,42.7654,-111.1004,1960.0,700.0,manual,0.5,21.81999969482422,2357.0,autopicker,0.55,607262527,2015-04-09 16:37:11.89,0.9,41.689,-110.6047,1.3938,35.587,4.61878,0.0,,2.6,ml,,,1.14,126.37,341.3,[18.70000076 24.10000038 24.60000038],[[5900.]],2015-04-09 16:37:26.710000,earthquake_local,AHID.US_20150409163725_EV
TA,A21K,BH,71.3221,-156.6175,5.0,,,,,,,,,,,,,,,,,,,,,,,,,,,2017-02-01 13:39:00,noise,A21K.TA_201702011339_NO
AV,AMKA,BH,51.3771,179.3,116.0,600.0,manual,0.45,19.979999542236328,2057.0,manual,0.49,usb000s56v,2014-08-21 22:24:33.000000,0.66,51.9303,178.4199,0.33,,,122.6,4.8,2.8,ml,,,0.77946,86.52,314.954,[39.29999924 33.20000076 26.10000038],[[3119.]],2014-08-21 22:24:46.980000,earthquake_local,AMKA.AV_20140821222446_EV
EC,ANTS,HH,-0.4973,-78.170403,4580.0,,,,,,,,,,,,,,,,,,,,,,,,,,,2018-01-15 20:27:48,noise,ANTS.EC_20180115202748_NO
AV,AKMO,BH,54.0903,-166.0126,277.0,500.0,manual,0.78,18.32999992370605,1809.0,manual,0.0,usc000tb18,2014-12-23 21:35:16.000000,1.44,54.1483,-164.4766,0.71,194.0,,68.0,8.5,2.7,ml,,,0.90607,100.57,86.945,[22.         21.89999962 15.30000019],[[3077.]],2014-12-23 21:35:29.330000,earthquake_local,AKMO.AV_20141223213529_EV
TA,A21K,BH,71.3221,-156.6175,5.0,,,,,,,,,,,,,,,,,,,,,,,,,,,2018-02-08 07:41:00,noise,A21K.TA_201802080741_NO
HV,ALEP,EH,19.541178,-155.644036,2894.0,501.0,autopicker,0.87,3.319999933242798,722.0,autopicker,0.84,hv60916421,2015-05-04 20:10:10.380000,,19.43067,-155.60634,,,,1.58,,1.38,md,,,0.1155,12.86,163.0,[22.60000038 19.39999962 20.29999924],[[1886.]],2015-05-04 20:10:08.690000,earthquake_local,ALEP.HV_20150504201007_EV
C1,AP01,HH,-18.3708,-70.3419,31.0,,,,,,,,,,,,,,,,,,,,,,,,,,,2018-01-15 11:09:54,noise,AP01.C1_20180115110954_NO
PB,B065,EH,36.743667,-121.474167,643.0,400.0,manual,0.67,4.309999942779541,724.0,manual,0.0,nc71531995,2011-03-03 15:26:40.240000,,36.9456667,-121.5455,0.25,48.0,0.53,3.73,0.94,0.7,md,NC,,0.2099,23.3,344.2,[21.         22.29999924 18.89999962],[[1378.]],2011-03-03 15:26:40.550000,earthquake_local,B065.PB_20110303152639_EV
IU,BILL,BH,68.0653,166.4531,320.0,,,,,,,,,,,,,,,,,,,,,,,,,,,2018-01-15 06:02:36,noise,BILL.IU_20180115060236_NO
5H,BEAR,HH,37.528999,-78.287003,107.0,,,,,,,,,,,,,,,,,,,,,,,,,,,2018-01-15 17:58:42,noise,BEAR.5H_20180115175842_NO
C1,AC06,HH,-27.357117,-70.354689,380.0,,,,,,,,,,,,,,,,,,,,,,,,,,,2018-01-16 19:30:24,noise,AC06.C1_20180116193024_NO
PB,B065,EH,36.743667,-121.474167,643.0,800.0,manual,0.53,4.679999828338623,1146.0,manual,0.53,nc72105356,2013-11-11 09:02:22.700000,,36.61417,-121.22617,,,,3.98,,0.9,md,,,0.2378,26.42,123.1,[17.20000076 21.10000038 16.29999924],[[2320.]],2013-11-11 09:02:19.380000,earthquake_local,B065.PB_20131111090218_EV
PB,B081,HN,33.71117,-120.71417,1467.0,,,,,,,,,,,,,,,,,,,,,,,,,,,2014-09-26 00:56:00,noise,B081.PB_201409260056_NO
ET,BCRT,EH,35.766,-84.576,409.0,,,,,,,,,,,,,,,,,,,,,,,,,,,2018-01-16 15:33:06,noise,BCRT.ET_20180116153306_NO
AC,BCI,HH,42.3666,20.067499,500.0,,,,,,,,,,,,,,,,,,,,,,,,,,,2018-01-15 08:51:18,noise,BCI.AC_20180115085118_NO
KZ,AKTO,BH,50.434799,58.016399,379.0,,,,,,,,,,,,,,,,,,,,,,,,,,,2018-01-16 19:12:54,noise,AKTO.KZ_20180116191254_NO
C1,AC02,HH,-26.8355,-69.1291,3980.0,,,,,,,,,,,,,,,,,,,,,,,,,,,2016-10-24 10:50:00,noise,AC02.C1_201610241050_NO
NC,BBGB,HN,36.57848,-121.03957,1089.0,,,,,,,,,,,,,,,,,,,,,,,,,,,2010-11-17 05:44:00,noise,BBGB.NC_201011170544_NO
PB,B001,EH,48.04307,-123.13141,237.0,400.0,manual,0.95,6.429999828338623,909.0,manual,0.93,uw10738553,2007-12-28 23:34:27.880000,,48.3411667,-123.26,0.2,94.0,0.95,25.36,1.03,1.0,md,UW,,0.3105,34.5,343.9,[31.79999924 29.60000038 22.79999924],[[1583.]],2007-12-28 23:34:30.310000,earthquake_local,B001.PB_20071228233429_EV
ZQ,AAM2,HH,-26.473,27.491,1555.2,1004.8,autopicker,0.94,5.610000133514404,1103.8,autopicker,0.9,35717,2007-05-31 12:14:43.400,0.93,-26.35,27.717,0.4,169.0,3.9,2.0,,1.2,ml,,,0.2373,26.35,58.9013,[35.5        35.40000153 32.70000076],[[2405.]],2007-05-31 12:14:38.962000,earthquake_local,AAM2.ZQ_20070531121437_EV
AV,AKS,EH,54.1095,-165.6987,213.0,800.0,manual,0.7,11.104000091552734,1662.1,manual,0.7,ak19805373,2018-06-27 22:49:11.022000,,53.797,-165.3387,,,,56.5,,2.0,ml,,,0.378,42.05,146.01,[32.         33.09999847 41.70000076],[[2520.]],2018-06-27 22:49:14.126000,earthquake_local,AKS.AV_20180627224913_EV
AV,AKLV,BH,54.1618,-165.9576,551.0,600.0,manual,0.5,15.6899995803833,1920.0,autopicker,0.88,604159646,2014-03-12 07:38:47.05,1.46,53.2869,-165.6466,1.4281,166.679,,56.24,,3.5,mb,,,0.9,99.52,348.3,[44.29999924 52.5        39.29999924],[[4606.]],2014-03-12 07:38:56.740000,earthquake_local,AKLV.AV_20140312073855_EV
DK,ANGG,HH,65.616302,-37.6371,9.0,,,,,,,,,,,,,,,,,,,,,,,,,,,2018-01-16 00:33:36,noise,ANGG.DK_20180116003336_NO
AE,113A,HH,32.7683,-113.7667,118.0,,,,,,,,,,,,,,,,,,,,,,,,,,,2017-12-24 20:58:00,noise,113A.AE_201712242058_NO
PB,B901,EH,35.6897,-120.142,275.0,,,,,,,,,,,,,,,,,,,,,,,,,,,2009-07-27 19:11:00,noise,B901.PB_200907271911_NO
HV,ALEP,EH,19.541178,-155.644036,2894.0,800.0,manual,0.61,3.259999990463257,1009.0,manual,0.58,hv61258651,2016-05-12 08:39:40.770000,,19.4335,-155.62483,,,,3.53,,2.06,ml,,,0.1086,12.09,170.5,[42.29999924 39.5        39.40000153],[[2436.]],2016-05-12 08:39:36.030000,earthquake_local,ALEP.HV_20160512083935_EV
C1,AY03,HH,-47.253042,-72.590769,206.5,,,,,,,,,,,,,,,,,,,,,,,,,,,2018-01-15 08:03:42,noise,AY03.C1_20180115080342_NO
PB,B065,EH,36.743667,-121.474167,643.0,500.0,manual,0.7,3.2799999713897705,743.0,manual,0.0,nc72594015,2016-02-19 06:37:30.820000,,36.87017,-121.59667,,,,6.58,,1.26,md,,,0.1604,17.79,322.2,[28.70000076 29.79999924 23.89999962],[[1647.]],2016-02-19 06:37:29.100000,earthquake_local,B065.PB_20160219063728_EV
HV,ALEP,EH,19.541178,-155.644036,2894.0,800.0,manual,0.58,2.7699999809265137,975.0,manual,0.58,hv60988186,2015-07-24 15:15:32.240000,,19.47533,-155.59317,,,,3.36,,0.66,md,,,0.0812,9.04,143.9,[20.10000038 16.39999962 19.20000076],[[2300.]],2015-07-24 15:15:27.010000,earthquake_local,ALEP.HV_20150724151526_EV
AE,BARN,HH,35.27668,-111.73571,2254.0,,,,,,,,,,,,,,,,,,,,,,,,,,,2018-01-15 02:14:24,noise,BARN.AE_20180115021424_NO
KR,ANVS,BH,42.78611,77.667221,1864.0,,,,,,,,,,,,,,,,,,,,,,,,,,,2018-01-16 21:09:29,noise,ANVS.KR_20180116210929_NO
NC,BPRB,HN,36.40721,-121.73067,738.0,,,,,,,,,,,,,,,,,,,,,,,,,,,2018-06-29 18:03:00,noise,BPRB.NC_201806291803_NO
HT,AGG,HH,39.021099,22.336,622.0,,,,,,,,,,,,,,,,,,,,,,,,,,,2018-01-15 17:37:42,noise,AGG.HT_20180115173742_NO
AK,ANM,BH,64.5646,-165.3732,338.0,,,,,,,,,,,,,,,,,,,,,,,,,,,2014-12-15 01:28:00,noise,ANM.AK_201412150128_NO
SN,AMD,EH,36.4526,-116.2818,775.4,500.0,manual,0.95,9.461750030517578,1200.979,manual,0.93,nn00396179,2012-10-19 07:08:24.503000,,36.3423,-116.8854,0.1249,272.46,0.0,4.1,4.2,0.3,ml,NN,,0.498,55.51,257.03,[22.60000038 32.59999847 19.60000038],[[1978.]],2012-10-19 07:08:28.964750,earthquake_local,AMD.SN_20121019070827_EV
AV,AKLV,BH,54.1618,-165.9576,551.0,799.0,autopicker,0.91,15.256999969482422,1929.0,autopicker,0.84,ak19875690,2018-07-16 08:24:06.293000,,53.5498,-165.2251,,,,57.4,,2.0,ml,,,0.749,83.44,145.07,[27.         22.79999924 20.        ],[[3090.]],2018-07-16 08:24:13.560000,earthquake_local,AKLV.AV_20180716082412_EV
ZQ,AAM1,HH,-26.427,27.423,1169.9,1056.1,autopicker,0.93,2.509999990463257,1175.1,autopicker,0.61,422474,2009-04-04 15:02:41.100,2.4,-26.422,27.474,1.0,100.0,4.2,2.0,,1.9,ml,,,0.0461,5.12,83.797,[35.79999924 35.20000076 36.59999847],[[2588.]],2009-04-04 15:02:33.049000,earthquake_local,AAM1.ZQ_20090404150232_EV
II,BRVK,BH,53.0581,70.2828,330.0,,,,,,,,,,,,,,,,,,,,,,,,,,,2018-01-15 05:36:42,noise,BRVK.II_20180115053642_NO
AV,ANPB,EH,56.8016,-158.2829,658.0,,,,,,,,,,,,,,,,,,,,,,,,,,,2018-01-16 07:38:30,noise,ANPB.AV_20180116073830_NO
ZQ,AAM2,HH,-26.473,27.491,1555.2,976.2,autopicker,0.62,5.28000020980835,1359.2,autopicker,0.83,339706,2007-06-10 01:09:45.500,0.5,-26.339,27.706,0.2,263.0,5.1,2.0,,1.2,ml,,,0.235,26.09,55.3602,[16.89999962 20.79999924 20.89999962],[[3199.]],2007-06-10 01:09:41.018000,earthquake_local,AAM2.ZQ_20070610010940_EV
GO,AKH,HH,41.41,43.4929,1720.0,,,,,,,,,,,,,,,,,,,,,,,,,,,2013-06-07 20:32:00,noise,AKH.GO_201306072032_NO
II,ABPO,BH,-19.018,47.229,1528.0,,,,,,,,,,,,,,,,,,,,,,,,,,,2018-01-16 17:23:42,noise,ABPO.II_20180116172342_NO
PB,B058,EH,36.7995,-121.5808,114.2,800.0,manual,0.66,5.949999809265137,1241.0,manual,0.0,nc71792531,2012-05-28 05:42:41.160000,,36.6368333,-121.2571667,0.07,39.0,0.12,10.43,0.3,2.36,md,NC,,0.3063,34.09,122.1,[48.59999847 51.90000153 44.29999924],[[2190.]],2012-05-28 05:42:39.110000,earthquake_local,B058.PB_20120528054238_EV
AV,ACH,BH,58.21,-155.3281,960.0,,,,,,,,,,,,,,,,,,,,,,,,,,,2018-03-14 08:16:00,noise,ACH.AV_201803140816_NO
PB,B039,EH,41.4667,-122.4847,924.0,,,,,,,,,,,,,,,,,,,,,,,,,,,2010-06-12 15:09:00,noise,B039.PB_201006121509_NO
AK,ATKA,BH,52.2016,-174.1975,55.0,600.0,manual,0.79,12.657999992370604,1618.3,manual,0.64,ak16605513,2017-08-02 23:53:14.578000,,51.8759,-173.349,,,,45.4,,2.0,ml,,,0.615,68.58,122.3,[ 3.5        14.69999981  3.4000001 ],[[3100.]],2017-08-02 23:53:21.236000,earthquake_local,ATKA.AK_20170802235320_EV
AV,AKGG,BH,54.1979,-165.9936,326.0,,,,,,,,,,,,,,,,,,,,,,,,,,,2018-01-15 01:57:36,noise,AKGG.AV_20180115015736_NO
AE,319A,HH,31.3757,-109.280899,1187.0,,,,,,,,,,,,,,,,,,,,,,,,,,,2018-01-16 01:14:12,noise,319A.AE_20180116011412_NO
HV,ALEP,EH,19.541178,-155.644036,2894.0,501.0,autopicker,0.9,7.409999847412109,1057.0,autopicker,0.76,hv61814556,2017-06-27 16:53:48.160000,,19.73,-155.95483,,,,12.68,,1.89,md,,,0.348,38.72,302.0,[37.79999924 38.20000076 41.70000076],[[2589.]],2017-06-27 16:53:50.560000,earthquake_local,ALEP.HV_20170627165349_EV
AT,AKUT,BH,54.13517,-165.77185,19.2,,,,,,,,,,,,,,,,,,,,,,,,,,,2006-02-19 05:05:00,noise,AKUT.AT_200602190505_NO
C1,BI05,HH,-36.74784,-73.19051,52.0,,,,,,,,,,,,,,,,,,,,,,,,,,,2018-01-15 02:10:12,noise,BI05.C1_20180115021012_NO
PB,B057,EH,38.0268,-122.56545,14.0,,,,,,,,,,,,,,,,,,,,,,,,,,,2017-04-24 10:54:00,noise,B057.PB_201704241054_NO
PB,B045,EH,40.436,-123.9965,29.4,800.0,manual,0.64,8.800000190734863,1499.0,manual,0.64,nc72573295,2016-01-03 21:59:18.790000,,40.409,-124.5472,,,,16.4,0.21,2.32,md,,,0.4207,46.83,266.1,[44.79999924 38.5        36.79999924],[[2160.]],2016-01-03 21:59:19.590000,earthquake_local,B045.PB_20160103215918_EV
AT,AKUT,BH,54.13517,-165.77185,19.2,,,,,,,,,,,,,,,,,,,,,,,,,,,2015-03-26 14:51:00,noise,AKUT.AT_201503261451_NO
C1,AC04,HH,-28.2046,-71.0739,249.0,,,,,,,,,,,,,,,,,,,,,,,,,,,2018-01-15 21:28:42,noise,AC04.C1_20180115212842_NO
HV,AIND,HH,19.372067,-155.457228,1524.0,800.0,manual,0.66,5.039999961853027,1193.0,manual,0.0,hv61607261,2017-02-15 14:49:11.880000,,19.509,-155.66167,,,,6.5,,0.75,md,,,0.2362,26.28,305.4,[4.0999999  3.         0.30000001],[[3172.]],2017-02-15 14:49:08.920000,earthquake_local,AIND.HV_20170215144907_EV
PB,B047,EH,40.25047,-124.17133,80.0,700.0,manual,0.68,2.3399999141693115,892.0,manual,0.59,nc72385946,2015-01-25 17:07:57.070000,,40.2415,-124.17133,,,,11.39,,1.52,md,,,0.00901,1.0,180.0,[57.70000076 51.29999924 53.09999847],[[1333.]],2015-01-25 17:07:52.410000,earthquake_local,B047.PB_20150125170751_EV
TA,A04D,BH,48.7201,-122.7063,13.0,900.0,manual,1.0,13.979999542236328,1979.0,manual,0.72,uw60603087,2013-10-02 14:26:45.370000,,48.0315,-122.6315,,,,57.23,,2.4,ml,,,0.6909,76.77,175.9,[23.89999962 23.29999924 20.29999924],[[2990.]],2013-10-02 14:26:50.350000,earthquake_local,A04D.TA_20131002142649_EV
CI,BAR,HH,32.68005,-116.67215,529.0,,,,,,,,,,,,,,,,,,,,,,,,,,,2018-01-15 15:56:12,noise,BAR.CI_20180115155612_NO
HV,AHUD,EH,19.371567,-155.263462,1051.0,802.0,autopicker,0.8,5.670000076293945,1217.0,autopicker,0.5,hv61657221,2017-03-23 07:27:59.230000,,19.23583,-155.39383,,,,32.83,,1.84,md,,,0.1827,20.33,222.0,[ 4.30000019  8.5        13.60000038],[[3199.]],2017-03-23 07:27:56.880000,earthquake_local,AHUD.HV_20170323072755_EV
TA,B05D,BH,48.2641,-122.096,153.0,800.0,manual,1.0,9.40999984741211,1510.0,manual,0.69,uw60397862,2012-04-30 06:55:20.290000,,47.7741667,-121.8638333,0.14,80.0,0.55,7.47,1.03,1.03,md,UW,,0.5144,57.16,162.5,[13.69999981 14.19999981  9.80000019],[[3199.]],2012-04-30 06:55:21.700000,earthquake_local,B05D.TA_20120430065520_EV
C1,AC04,HH,-28.2046,-71.0739,249.0,,,,,,,,,,,,,,,,,,,,,,,,,,,2016-10-02 14:53:00,noise,AC04.C1_201610021453_NO
GM,AA12,HN,39.53523,-121.4669,385.0,,,,,,,,,,,,,,,,,,,,,,,,,,,2017-11-06 09:10:00,noise,AA12.GM_201711060910_NO
CN,A16,HH,47.468,-70.0096,13.0,,,,,,,,,,,,,,,,,,,,,,,,,,,2018-01-16 12:43:00,noise,A16.CN_20180116124300_NO
SN,AMD,EH,36.4526,-116.2818,775.4,400.0,manual,0.95,5.951920032501221,867.146,manual,0.0,nn00472168,2014-12-15 19:18:00.849000,,36.7245,-116.1234,,,,0.4,,0.21,ml,,,0.3,33.34,25.12,[19.20000076 16.89999962 18.29999924],[[2044.]],2014-12-15 19:18:02.800920,earthquake_local,AMD.SN_20141215191801_EV
PB,B011,EH,48.649543,-123.448192,22.0,800.0,manual,0.95,4.840000152587891,1100.0,manual,0.93,uw61094677,2015-11-30 21:06:54.550000,,48.51867,-123.243,,,,18.78,,1.53,ml,,,0.189,21.0,134.0,[16.39999962 18.10000038 17.        ],[[2108.]],2015-11-30 21:06:51.390000,earthquake_local,B011.PB_20151130210650_EV
HP,AMT,HH,37.5324,21.7089,482.0,900.0,manual,0.5,16.950000762939453,2489.0,autopicker,0.72,14759633,2010-05-13 05:59:51.25,0.68,38.4275,21.8287,0.9126,24.733,1.87437,8.96,,3.7,mb,,,0.9,99.91,186.1,[34.5        32.20000076 33.        ],[[5900.]],2010-05-13 05:59:59.200000,earthquake_local,AMT.HP_20100513055958_EV
HV,AIND,HH,19.372067,-155.457228,1524.0,402.0,autopicker,0.92,3.630000114440918,696.0,autopicker,0.64,hv60900921,2015-04-23 12:40:17.370000,,19.345,-155.30884,,,,3.16,,2.3,ml,,,0.1427,15.88,101.0,[22.70000076 26.39999962 28.89999962],[[1980.]],2015-04-23 12:40:16.980000,earthquake_local,AIND.HV_20150423124015_EV
GO,AKH,HH,41.41,43.4929,1720.0,,,,,,,,,,,,,,,,,,,,,,,,,,,2013-12-27 17:40:00,noise,AKH.GO_201312271740_NO
CN,A11,HH,47.2431,-70.1969,55.0,,,,,,,,,,,,,,,,,,,,,,,,,,,2018-01-15 13:00:30,noise,A11.CN_20180115130030_NO
LD,ALLY,HH,41.6492,-80.1448,390.0,500.0,manual,0.64,7.840000152587891,1118.0,manual,0.64,ld60111911,2016-04-18 10:34:40.150000,,41.59983,-79.52283,,,,5.25,,2.13,ml,,,0.4689,52.12,96.3,[21.10000038 19.10000038 17.89999962],[[3199.]],2016-04-18 10:34:42.990000,earthquake_local,ALLY.LD_20160418103441_EV
ZQ,AAM2,HH,-26.473,27.491,1555.2,875.72,autopicker,0.7,16.350000381469727,1759.72,autopicker,0.84,913782,2007-05-25 22:10:06.700,1.61,-26.913,26.782,0.6,151.0,5.6,2.0,,1.6,ml,,,0.7727,85.76,235.2004,[19.10000038 21.79999924 20.        ],[[3199.]],2007-05-25 22:10:14.292800,earthquake_local,AAM2.ZQ_20070525221013_EV
PB,B001,EH,48.04307,-123.13141,237.0,800.0,manual,0.95,7.5,1388.0,manual,0.93,uw10813918,2011-05-07 03:35:44.280000,,48.2291667,-122.66,0.23,108.0,0.87,24.31,1.73,1.0,md,UW,,0.3666,40.73,59.6,[13.19999981  9.5         9.5       ],[[3199.]],2011-05-07 03:35:43.780000,earthquake_local,B001.PB_20110507033542_EV
AV,ANPB,EH,56.8016,-158.2829,658.0,,,,,,,,,,,,,,,,,,,,,,,,,,,2018-01-16 08:35:12,noise,ANPB.AV_20180116083512_NO
AU,ARPS,SH,-36.769901,141.838303,250.0,,,,,,,,,,,,,,,,,,,,,,,,,,,2018-01-15 02:45:12,noise,ARPS.AU_20180115024512_NO
CN,A54,HH,47.4568,-70.4134,377.0,,,,,,,,,,,,,,,,,,,,,,,,,,,2018-01-16 18:22:30,noise,A54.CN_20180116182230_NO
AK,ANM,BH,64.5646,-165.3732,338.0,,,,,,,,,,,,,,,,,,,,,,,,,,,2014-11-12 22:23:00,noise,ANM.AK_201411122223_NO
AV,AMKA,BH,51.3771,179.3,116.0,900.0,manual,0.95,8.197999954223633,1532.8,manual,0.79,ak010ft4q7ix,2010-12-10 13:19:54.176000,,51.446,178.7998,0.2,,0.0,32.5,0.7,2.3,ml,,,0.321,35.64,281.76,[45.5        39.40000153 29.        ],[[2288.]],2010-12-10 13:19:53.374000,earthquake_local,AMKA.AV_20101210131952_EV
PB,B003,EH,48.06236,-124.14086,284.7,500.0,manual,0.97,12.770000457763672,1476.0,manual,0.95,uw60882451,2014-09-18 15:04:51.210000,,48.47183,-123.27067,,,,19.65,,1.2,md,,,0.7113,79.03,55.1,[15.80000019 14.19999981 12.30000019],[[2699.]],2014-09-18 15:04:58.980000,earthquake_local,B003.PB_20140918150457_EV
DK,ANGG,HH,65.616302,-37.6371,9.0,,,,,,,,,,,,,,,,,,,,,,,,,,,2018-01-16 01:56:12,noise,ANGG.DK_20180116015612_NO
PB,B049,EH,40.23731,-123.81968,117.0,,,,,,,,,,,,,,,,,,,,,,,,,,,2009-12-24 07:51:00,noise,B049.PB_200912240751_NO
PB,B046,EH,40.32197,-124.2843,44.0,700.0,manual,0.68,5.170000076293945,1110.0,manual,0.59,nc72388186,2015-01-29 01:13:44.140000,,40.4125,-124.188,,,,28.44,,1.6,md,,,0.1171,12.96,39.0,[39.5        45.20000076 36.79999924],[[1587.]],2015-01-29 01:13:42.310000,earthquake_local,B046.PB_20150129011341_EV
PB,B065,EH,36.743667,-121.474167,643.0,800.0,manual,0.57,4.0,1105.0,manual,0.0,nc71793581,2012-05-30 14:46:43.550000,,36.6408333,-121.2625,0.05,39.0,0.14,8.89,0.43,1.62,md,NC,,0.1991,22.09,121.2,[37.         39.         35.29999924],[[2109.]],2012-05-30 14:46:39.550000,earthquake_local,B065.PB_20120530144638_EV
AE,113A,HH,32.7683,-113.7667,118.0,,,,,,,,,,,,,,,,,,,,,,,,,,,2015-04-02 22:03:00,noise,113A.AE_201504022203_NO
7F,ARK1,EH,35.266602,-92.403503,176.0,,,,,,,,,,,,,,,,,,,,,,,,,,,2010-07-30 22:03:00,noise,ARK1.7F_20100730220300_NO
HL,ATH,HH,37.97384,23.71767,93.0,700.0,manual,0.5,12.25,1574.0,manual,0.5,603758965,2013-09-08 06:22:10.98,0.81,38.6041,23.7572,0.7303,20.53,2.48127,13.56,,3.5,ml,,,0.63,70.05,182.9,[51.29999924 47.         45.09999847],[[4434.]],2013-09-08 06:22:16.230000,earthquake_local,ATH.HL_20130908062215_EV
PB,B006,EH,48.0588,-123.5008,302.0,800.0,manual,0.95,9.239999771118164,1534.0,manual,0.93,uw10818308,2011-05-26 11:50:54.030000,,47.9885,-122.7593333,0.13,116.0,0.13,21.94,0.39,1.2,md,UW,,0.5027,55.86,98.3,[21.20000076 24.         16.79999924],[[2528.]],2011-05-26 11:50:55.270000,earthquake_local,B006.PB_20110526115054_EV
GO,AKH,HH,41.41,43.4929,1720.0,500.0,manual,0.5,9.949999809265137,1230.0,manual,0.5,600979269,2012-03-17 21:52:49.12,0.98,41.6233,44.0887,1.3024,27.298,1.90289,7.57,,4.1,mb,,,0.5,55.09,244.7,[34.70000076 38.5        36.40000153],[[2733.]],2012-03-17 21:52:54.070000,earthquake_local,AKH.GO_20120317215253_EV
AV,AUSB,BH,59.333,-153.4284,230.0,497.0,autopicker,0.9,15.020000457763672,1659.0,autopicker,0.84,ak16268500,2017-07-06 16:11:29.830000,,59.8618,-152.5675,,,,82.2,,2.1,ml,,,0.685,76.38,39.86,[33.79999924 26.39999962 26.39999962],[[2857.]],2017-07-06 16:11:39.880000,earthquake_local,AUSB.AV_20170706161138_EV
PB,B049,EH,40.2375,-123.8197,117.0,1000.0,manual,0.65,11.460000038146973,1870.0,manual,0.6,nc71918476,2013-01-09 23:59:44.840000,,40.2947,-124.5732,,,,18.6,,2.6,md,,,0.5784,64.2,275.4,[41.59999847 45.40000153 37.40000153],[[2664.]],2013-01-09 23:59:46.300000,earthquake_local,B049.PB_20130109235946_EV
AV,AMKA,BH,51.3771,179.3,116.0,600.0,manual,0.22,31.100000381469727,2822.0,manual,0.68,us1000hdlm,2018-10-09 03:57:27.390000,,49.9987,-178.6735,,,,10.0,,2.7,ml,,,1.88839,209.61,137.737,[27.20000076 25.70000076 20.70000076],[[5092.]],2018-10-09 03:57:52.490000,earthquake_local,AMKA.AV_20181009035752_EV
PB,B001,EH,48.04307,-123.13141,237.0,900.0,manual,0.95,6.860000133514404,1476.0,manual,0.0,uw10819328,2011-07-02 20:38:21.610000,,47.7912,-122.8228,0.12,56.0,0.3,20.4,0.32,1.9,md,,"[[4.0e+01 5.0e+01 1.0e+10]
 [2.9e+02 6.7e+01 1.0e+10]]",0.3265,36.28,140.7,[32.79999924 27.79999924 29.79999924],[[2065.]],2011-07-02 20:38:19.470000,earthquake_local,B001.PB_20110702203818_EV
II,ABPO,BH,-19.018,47.229,1528.0,,,,,,,,,,,,,,,,,,,,,,,,,,,2018-01-16 02:24:12,noise,ABPO.II_20180116022412_NO
PB,B018,EH,46.9795,-123.0203,10.0,600.0,manual,0.64,10.539999961853027,1425.0,manual,0.96,uw60594092,2013-09-17 20:33:12.550000,,46.68733,-122.311,,,,1.16,,0.9,md,,,0.568,63.11,121.3,[11.60000038  9.60000038  9.39999962],[[3199.]],2013-09-17 20:33:17.090000,earthquake_local,B018.PB_20130917203316_EV
CN,BFSB,HH,48.8336,-125.136,33.0,,,,,,,,,,,,,,,,,,,,,,,,,,,2018-01-15 08:11:24,noise,BFSB.CN_20180115081124_NO
AV,AUI,EH,59.3345,-153.4299,293.0,400.0,manual,0.5,17.200000762939453,1743.0,manual,0.5,16328771,2011-02-07 19:27:53.35,0.57,58.5194,-152.49,1.0746,65.002,5.36951,59.01,,3.9,mb,,,0.95,105.71,329.7,[37.59999847 30.60000038 38.20000076],[[5900.]],2011-02-07 19:28:06.550000,earthquake_local,AUI.AV_20110207192805_EV
PB,B078,EH,35.8377,-120.3452,387.0,,,,,,,,,,,,,,,,,,,,,,,,,,,2011-04-20 08:59:00,noise,B078.PB_201104200859_NO
CU,BBGH,BH,13.1434,-59.5588,180.0,,,,,,,,,,,,,,,,,,,,,,,,,,,2018-01-15 03:37:42,noise,BBGH.CU_20180115033742_NO
AV,AU22,BH,59.3702,-153.3573,105.0,500.0,manual,0.62,13.916999816894531,1648.1,manual,0.71,ak16465731,2017-08-07 10:04:32.251000,,59.7154,-152.1606,,,,62.4,,1.8,ml,,,0.698,77.85,60.87,[12.10000038 13.10000038 11.30000019],[[3199.]],2017-08-07 10:04:41.168000,earthquake_local,AU22.AV_20170807100440_EV
7F,ARK1,EH,35.266602,-92.403503,176.0,,,,,,,,,,,,,,,,,,,,,,,,,,,2010-07-24 01:04:24,noise,ARK1.7F_20100724010424_NO
HP,AMT,HH,37.5324,21.7089,482.0,900.0,manual,0.5,17.8799991607666,2269.0,autopicker,0.6,606542159,2012-09-30 02:41:35.38,0.81,38.092,22.699,1.0749,20.351,1.96603,15.87,,3.4,mb,,,0.96,107.05,234.8,[32.70000076 36.29999924 35.20000076],[[5900.]],2012-09-30 02:41:44.260000,earthquake_local,AMT.HP_20120930024143_EV
PR,AOPR,BH,18.346645,-66.753975,355.1,700.0,manual,0.93,13.43000030517578,1823.0,manual,0.09,pr14179000,2014-06-28 03:21:10.000000,,19.1708,-66.8093,0.24,288.0,4.5,18.64,8.9,2.75,md,,,0.82139,91.17,356.333,[21.39999962 20.89999962 18.        ],[[5065.]],2014-06-28 03:21:16.430000,earthquake_local,AOPR.PR_20140628032116_EV
PB,B065,EH,36.743667,-121.474167,643.0,900.0,manual,0.59,4.590000152587891,1230.0,manual,0.0,nc71995756,2013-05-22 04:25:41.430000,,36.6205,-121.23383,,,,5.81,,0.7,md,,,0.2288,25.46,122.6,[15.80000019 16.10000038 13.69999981],[[3120.]],2013-05-22 04:25:37.020000,earthquake_local,B065.PB_20130522042536_EV
PB,B058,EH,36.7995,-121.5808,114.2,700.0,manual,0.32,5.46999979019165,1109.0,manual,0.0,nc71924401,2013-01-19 02:38:20.910000,0.0,36.654,-121.279,,172.0,,7.3,0.35,2.9,md,,,0.282,31.3,121.1,[49.         50.59999847 49.29999924],[[2721.]],2013-01-19 02:38:19.380000,earthquake_local,B058.PB_20130119023819_EV
AV,AKS,EH,54.1095,-165.6987,213.0,,,,,,,,,,,,,,,,,,,,,,,,,,,2018-01-16 09:39:36,noise,AKS.AV_20180116093936_NO
C1,BI05,HH,-36.74784,-73.19051,52.0,,,,,,,,,,,,,,,,,,,,,,,,,,,2018-01-15 00:58:06,noise,BI05.C1_20180115005806_NO
HV,AIND,HH,19.372067,-155.457228,1524.0,500.0,manual,0.64,3.490000009536743,766.0,manual,0.57,hv60942976,2015-05-22 08:18:42.190000,,19.33683,-155.32017,,,,3.66,,2.3,ml,,,0.1341,14.92,105.2,[53.40000153 40.70000076 48.70000076],[[2064.]],2015-05-22 08:18:40.680000,earthquake_local,AIND.HV_20150522081839_EV
PB,B065,EH,36.743667,-121.474167,643.0,900.0,manual,0.66,2.680000066757202,1110.0,manual,0.53,nc72690771,2016-09-06 09:53:48.210000,,36.6915,-121.32567,,,,4.28,,1.25,md,,,0.1306,14.47,113.7,[31.         32.40000153 28.20000076],[[2640.]],2016-09-06 09:53:41.890000,earthquake_local,B065.PB_20160906095340_EV
PB,B067,EH,36.765,-121.5655,126.0,,,,,,,,,,,,,,,,,,,,,,,,,,,2018-01-30 09:06:00,noise,B067.PB_201801300906_NO
C1,AC04,HH,-28.2046,-71.0739,249.0,,,,,,,,,,,,,,,,,,,,,,,,,,,2018-01-16 01:45:42,noise,AC04.C1_20180116014542_NO
KR,ANVS,BH,42.78611,77.667221,1864.0,700.0,manual,0.5,31.18000030517578,2990.0,manual,0.5,604103584,2013-11-05 23:02:21.42,3.22,41.7187,79.5267,1.179,260.878,,6.53,,2.9,mb,,,1.74,193.91,308.2,[10.69999981 11.10000038  7.5       ],[[5900.]],2013-11-05 23:02:45.600000,earthquake_local,ANVS.KR_20131105230244_EV
5H,ANNI,HH,37.935001,-77.9655,93.0,,,,,,,,,,,,,,,,,,,,,,,,,,,2018-01-15 10:34:54,noise,ANNI.5H_20180115103454_NO
ZQ,AAM1,HH,-26.427,27.423,1169.9,1146.5,autopicker,0.91,5.230000019073486,1379.5,autopicker,0.61,419582,2009-02-28 14:27:04.700,1.22,-26.419,27.582,0.5,127.0,2.3,2.0,,2.4,ml,,,0.1431,15.89,86.8369,[33.90000153 34.79999924 38.20000076],[[2299.]],2009-02-28 14:26:58.465000,earthquake_local,AAM1.ZQ_20090228142657_EV
AV,ACH,BH,58.21,-155.3281,960.0,,,,,,,,,,,,,,,,,,,,,,,,,,,2018-01-15 06:23:36,noise,ACH.AV_20180115062336_NO
TA,A21K,BH,71.3221,-156.6175,5.0,,,,,,,,,,,,,,,,,,,,,,,,,,,2018-09-20 04:39:00,noise,A21K.TA_201809200439_NO
KO,BALB,HH,39.639999,27.879999,120.0,,,,,,,,,,,,,,,,,,,,,,,,,,,2018-01-15 12:09:24,noise,BALB.KO_20180115120924_NO
ZQ,AAM2,HH,-26.473,27.491,1555.2,1004.2,autopicker,0.93,2.5199999809265137,1110.2,autopicker,0.85,407451,2007-01-01 12:47:33.100,1.5,-26.407,27.451,0.5,90.0,3.1,2.0,,2.0,ml,,,0.075,8.33,331.3748,[50.70000076 55.40000153 50.29999924],[[2432.]],2007-01-01 12:47:25.578000,earthquake_local,AAM2.ZQ_20070101124724_EV
HV,AIND,HH,19.372067,-155.457228,1524.0,,,,,,,,,,,,,,,,,,,,,,,,,,,2018-01-15 09:15:48,noise,AIND.HV_20180115091548_NO
7F,ARK1,EH,35.266602,-92.403503,176.0,,,,,,,,,,,,,,,,,,,,,,,,,,,2010-07-25 04:40:42,noise,ARK1.7F_20100725044042_NO
AT,AKUT,BH,54.13517,-165.77185,19.2,700.0,manual,0.5,22.540000915527344,2272.0,manual,0.5,601351271,2012-07-15 01:22:13.12,1.6,52.9647,-165.4281,1.4838,168.361,8.46289,14.91,,4.3,mb,,,1.19,132.25,350.2,[40.70000076 32.59999847 28.20000076],[[5900.]],2012-07-15 01:22:28.660000,earthquake_local,AKUT.AT_20120715012227_EV
PB,B001,EH,48.04307,-123.13141,237.0,600.0,manual,0.66,6.019999980926514,1124.0,manual,0.0,uw60575812,2013-08-20 02:53:10.270000,,47.82967,-122.83117,,,,17.83,,0.6,md,,,0.2939,32.65,136.8,[19.39999962 10.30000019 15.60000038],[[3199.]],2013-08-20 02:53:10.290000,earthquake_local,B001.PB_20130820025309_EV
HL,ATH,HH,37.97384,23.71767,93.0,800.0,manual,0.5,11.380000114440918,1816.0,autopicker,0.82,16336317,2010-08-08 04:51:59.52,0.87,37.3938,23.4926,0.3887,92.308,2.80248,13.15,,2.3,ml,,,0.6,67.37,17.0,[17.89999962 19.39999962 17.60000038],[[3199.]],2010-08-08 04:52:02.900000,earthquake_local,ATH.HL_20100808045201_EV
AV,AMKA,BH,51.3771,179.3,116.0,900.0,manual,0.42,23.920000076293945,2791.0,manual,0.73,us1000d8fx,2018-03-17 11:22:50.810000,1.77,51.7978,-178.5025,0.87,162.0,,26.01,10.6,2.6,ml,,,1.43419,159.2,73.78,[20.79999924 23.10000038 16.5       ],[[3660.]],2018-03-17 11:23:05.730000,earthquake_local,AMKA.AV_20180317112305_EV
7F,ARK1,EH,35.266602,-92.403503,176.0,,,,,,,,,,,,,,,,,,,,,,,,,,,2010-07-30 15:05:06,noise,ARK1.7F_20100730150506_NO
HT,AGG,HH,39.0211,22.336,625.0,500.0,manual,0.5,44.59999847412109,4209.0,autopicker,0.67,611644821,2015-03-23 21:57:05.40,0.93,41.335,20.2431,1.2864,26.047,2.3699,13.41,,3.4,ml,,,2.81,312.69,144.6,[17.         18.39999962 10.19999981],[[5900.]],2015-03-23 21:57:45,earthquake_local,AGG.HT_20150323215744_EV
PB,B045,EH,40.436,-123.9965,29.4,800.0,manual,0.66,8.430000305175781,1461.0,manual,0.53,nc71804391,2012-06-21 18:08:20.010000,,40.284,-124.4738333,0.18,268.0,1.15,21.9,0.67,1.87,md,NC,,0.3946,43.92,247.3,[30.10000038 31.5        30.        ],[[3100.]],2012-06-21 18:08:20.440000,earthquake_local,B045.PB_20120621180819_EV
AV,AMKA,BH,51.3771,179.3,116.0,1000.0,manual,0.6,25.540000915527344,2928.0,manual,0.76,us2000a047,2017-06-21 23:40:10.630000,,51.5547,-178.4237,,,,18.7,,3.1,ml,,,1.43491,159.28,83.771,[32.40000153 27.         28.79999924],[[3994.]],2017-06-21 23:40:26.170000,earthquake_local,AMKA.AV_20170621234026_EV
AK,ATKA,BH,52.2016,-174.1975,55.0,600.0,manual,0.5,20.780000686645508,2171.0,manual,0.5,606859832,2015-03-22 21:33:47.71,1.03,51.7769,-176.0125,1.266,139.57,,67.27,,3.6,mb,,,1.2,133.33,68.5,[43.09999847 42.90000153 38.40000153],[[5900.]],2015-03-22 21:34:02.490000,earthquake_local,ATKA.AK_20150322213401_EV
HV,AHUD,EH,19.371567,-155.263462,1051.0,901.0,autopicker,0.89,1.2999999523162842,1000.0,autopicker,0.65,hv70342316,2018-06-30 08:09:08.060000,,19.4005,-155.27083,,,,0.43,,2.48,ml,,,0.02961,3.29,346.0,[21.79999924 20.60000038 24.        ],[[2198.]],2018-06-30 08:09:00.350000,earthquake_local,AHUD.HV_20180630080859_EV
PB,B065,EH,36.743667,-121.474167,643.0,600.0,manual,0.63,1.8899999856948853,741.0,manual,0.0,nc71537641,2011-03-04 09:21:19.240000,,36.8088333,-121.5416667,0.15,32.0,0.23,4.59,0.38,1.4,md,NC,,0.08468,9.41,320.3,[41.70000076 48.40000153 41.59999847],[[1181.]],2011-03-04 09:21:15.130000,earthquake_local,B065.PB_20110304092114_EV
HP,AMT,HH,37.5324,21.7089,482.0,500.0,manual,0.5,22.63999938964844,2753.0,autopicker,0.63,604367958,2014-02-04 06:40:53.56,0.7,38.2504,20.4381,1.1049,68.759,3.85703,11.16,,3.8,mb,,,1.23,137.28,125.1,[25.70000076 26.60000038 28.10000038],[[5900.]],2014-02-04 06:41:11.200000,earthquake_local,AMT.HP_20140204064110_EV
CN,BNAB,HH,53.4932,-130.6368,-19.0,,,,,,,,,,,,,,,,,,,,,,,,,,,2018-01-15 06:14:30,noise,BNAB.CN_20180115061430_NO
HV,AHUD,EH,19.371567,-155.263462,1051.0,700.0,manual,0.62,5.480000019073486,1152.0,manual,0.0,hv61023421,2015-08-29 12:22:31.590000,,19.619,-155.354,,,,13.71,,1.42,md,,,0.2605,28.99,341.0,[ 7.69999981 11.10000038 18.89999962],[[3199.]],2015-08-29 12:22:30.070000,earthquake_local,AHUD.HV_20150829122229_EV
7F,ARK2,EH,35.334099,-92.298203,212.0,,,,,,,,,,,,,,,,,,,,,,,,,,,2010-07-26 15:29:36,noise,ARK2.7F_20100726152936_NO
PR,AOPR,BH,18.346645,-66.753975,355.1,500.0,manual,0.5,31.239999771118164,3031.0,manual,0.5,607083764,2015-04-13 16:31:11.35,1.73,19.1348,-64.7867,0.9623,206.984,,35.0,,3.2,md,,,2.02,225.05,247.5,[19.39999962 20.89999962 18.20000076],[[5900.]],2015-04-13 16:31:37.590000,earthquake_local,AOPR.PR_20150413163136_EV
AV,AUWS,BH,59.3585,-153.4608,487.0,700.0,automatic,0.87,33.9119987487793,3362.5,manual,0.65,ak19433436,2018-05-11 04:58:24.488000,3.41,57.4703,-155.5934,1.68,,5.003,63.2,0.4,5.3,ml,,,2.194,243.53,209.7,[42.5        42.90000153 48.79999924],[[5999.]],2018-05-11 04:58:51.400000,earthquake_local,AUWS.AV_20180511045851_EV
HV,AIND,HH,19.372067,-155.457228,1524.0,765.0,autopicker,0.76,6.619999885559082,1279.0,autopicker,0.61,hv61739931,2017-05-09 17:31:59.640000,,19.32567,-155.16701,,,,1.75,,1.88,md,,,0.2779,30.92,100.0,[29.         28.79999924 25.5       ],[[2001.]],2017-05-09 17:31:58.610000,earthquake_local,AIND.HV_20170509173157_EV
HV,AHUD,EH,19.371567,-155.263462,1051.0,,,,,,,,,,,,,,,,,,,,,,,,,,,2012-05-04 19:54:00,noise,AHUD.HV_201205041954_NO
5H,BEAV,HH,37.998402,-77.999298,118.0,,,,,,,,,,,,,,,,,,,,,,,,,,,2018-01-15 00:07:42,noise,BEAV.5H_20180115000742_NO
PB,B065,EH,36.743667,-121.474167,643.0,400.0,manual,0.6,4.269999980926514,728.0,manual,0.54,nc72928010,2017-11-20 13:38:28.430000,,36.633,-121.24817,,,,6.03,,1.03,md,,,0.2126,23.64,121.5,[30.70000076 27.10000038 23.60000038],[[1872.]],2017-11-20 13:38:28.700000,earthquake_local,B065.PB_20171120133827_EV
7F,ARK2,EH,35.334099,-92.298203,212.0,,,,,,,,,,,,,,,,,,,,,,,,,,,2010-07-24 21:07:00,noise,ARK2.7F_20100724210700_NO
TX,ALPN,HH,30.374479,-103.638519,1368.0,,,,,,,,,,,,,,,,,,,,,,,,,,,2020-03-15 13:32:00,noise,ALPN.TX_20200315133200_NO
LD,BRNY,HH,41.414036,-74.011889,248.0,,,,,,,,,,,,,,,,,,,,,,,,,,,2018-01-16 09:23:30,noise,BRNY.LD_20180116092330_NO
PB,B065,EH,36.743667,-121.474167,643.0,700.0,manual,0.53,3.619999885559082,937.0,manual,0.58,nc72299046,2014-09-15 01:20:31.230000,,36.69883,-121.27867,,,,8.19,,0.55,md,,,0.1631,18.16,106.0,[24.89999962 21.70000076 21.        ],[[1522.]],2014-09-15 01:20:27.850000,earthquake_local,B065.PB_20140915012026_EV
SN,AMD,EH,36.4526,-116.2818,775.4,400.0,manual,0.95,6.531010150909424,870.353,manual,0.93,nn00258638,2008-08-27 12:03:07.986000,,36.7791,-116.2249,0.1288,140.23,0.0,5.1,2.7,0.2,ml,NN,,0.33,36.59,7.85,[16.60000038 19.10000038 18.79999924],[[2187.]],2008-08-27 12:03:10.517010,earthquake_local,AMD.SN_20080827120309_EV
PB,B045,EH,40.436,-123.9965,29.4,400.0,manual,0.67,8.739999771118164,1072.0,manual,0.59,nc72190520,2014-03-29 08:14:34.520000,,40.30533,-124.49217,,,,9.18,,2.35,md,,,0.4,44.53,250.9,[46.90000153 39.79999924 38.20000076],[[1950.]],2014-03-29 08:14:39.260000,earthquake_local,B045.PB_20140329081438_EV
HV,AHUD,EH,19.371567,-155.263462,1051.0,599.0,autopicker,0.82,1.7100000381469729,752.0,autopicker,0.64,hv70260412,2018-06-11 04:43:09.160000,,19.41183,-155.27766,,,,0.56,,2.46,ml,,,0.04224,4.7,341.0,[26.10000038 30.10000038 36.20000076],[[1809.]],2018-06-11 04:43:04.880000,earthquake_local,AHUD.HV_20180611044303_EV
G,AIS,BH,-37.796349,77.569183,35.9,,,,,,,,,,,,,,,,,,,,,,,,,,,2018-01-16 10:48:54,noise,AIS.G_20180116104854_NO
C1,BO01,HH,-34.3917,-71.0848,262.5,,,,,,,,,,,,,,,,,,,,,,,,,,,2018-01-15 11:21:48,noise,BO01.C1_20180115112148_NO
NC,BPRB,HN,36.40721,-121.73067,738.0,,,,,,,,,,,,,,,,,,,,,,,,,,,2018-03-03 14:58:00,noise,BPRB.NC_201803031458_NO
HV,AHUD,EH,19.371567,-155.263462,1051.0,,,,,,,,,,,,,,,,,,,,,,,,,,,2013-04-20 07:01:00,noise,AHUD.HV_201304200701_NO
ZQ,AAM1,HH,-26.427,27.423,1169.9,1110.5,autopicker,0.9,4.440000057220459,1238.5,autopicker,0.67,432557,2007-04-20 04:32:24.000,0.53,-26.432,27.557,0.2,105.0,1.0,2.0,,2.4,ml,,,0.1205,13.38,92.4031,[40.90000153 40.79999924 40.29999924],[[2733.]],2007-04-20 04:32:17.335000,earthquake_local,AAM1.ZQ_20070420043216_EV
AV,ANON,EH,56.919,-158.1737,445.0,,,,,,,,,,,,,,,,,,,,,,,,,,,2018-01-16 15:02:18,noise,ANON.AV_20180116150218_NO
PB,B054,EH,37.8602,-122.1995,405.6,500.0,manual,0.68,4.679999828338623,848.0,manual,0.54,nc72741080,2016-12-18 17:02:23.250000,,37.8825,-121.97217,,,,10.75,,1.9,md,,,0.1811,20.15,83.0,[46.         48.20000076 44.29999924],[[1321.]],2016-12-18 17:02:22.930000,earthquake_local,B054.PB_20161218170221_EV
PB,B047,EH,40.25047,-124.17133,80.0,500.0,manual,0.61,11.960000038146973,1446.0,manual,0.61,nc72115745,2013-12-06 02:52:36.110000,,40.5208,-124.9663,,,,24.6,,2.5,md,,,0.664,73.88,294.1,[38.70000076 33.79999924 34.59999847],[[2048.]],2013-12-06 02:52:43.070000,earthquake_local,B047.PB_20131206025242_EV
AV,AU22,BH,59.3702,-153.3573,105.0,400.0,manual,0.84,14.513999938964844,1543.4,manual,0.63,ak18484536,2018-02-22 05:43:12.342000,,59.773,-152.2809,,,,74.3,,1.6,ml,,,0.678,75.6,54.0,[7.5       6.        2.0999999],[[3100.]],2018-02-22 05:43:22.856000,earthquake_local,AU22.AV_20180222054321_EV
7F,ARK2,EH,35.334099,-92.298203,212.0,,,,,,,,,,,,,,,,,,,,,,,,,,,2010-07-25 02:39:36,noise,ARK2.7F_20100725023936_NO
HL,ATH,HH,37.97384,23.71767,93.0,900.0,manual,0.5,5.96999979019165,1360.0,manual,0.5,16867774,2010-11-19 04:13:05.53,0.86,38.2499,23.8911,0.4943,105.971,3.11777,8.27,,1.8,ml,,,0.31,34.21,206.4,[22.10000038 18.20000076 18.        ],[[2449.]],2010-11-19 04:13:02.500000,earthquake_local,ATH.HL_20101119041301_EV
CI,BFS,HH,34.238831,-117.658531,1312.0,,,,,,,,,,,,,,,,,,,,,,,,,,,2018-01-15 02:37:30,noise,BFS.CI_20180115023730_NO
AV,AKV,BH,54.1253,-165.9647,863.0,,,,,,,,,,,,,,,,,,,,,,,,,,,2018-09-22 12:01:00,noise,AKV.AV_201809221201_NO
HV,AIND,HH,19.372067,-155.457228,1524.0,916.0,autopicker,0.67,7.210000038146973,1504.0,autopicker,0.74,hv60947066,2015-05-28 01:05:05.910000,,19.3455,-155.0975,,,,5.2,,1.72,md,,,0.3407,37.91,95.0,[35.5        30.39999962 28.        ],[[2155.]],2015-05-28 01:05:03.960000,earthquake_local,AIND.HV_20150528010502_EV
7F,ARK2,EH,35.334099,-92.298203,212.0,,,,,,,,,,,,,,,,,,,,,,,,,,,2010-07-26 19:38:48,noise,ARK2.7F_20100726193848_NO
GO,AKH,HH,41.41,43.4929,1720.0,,,,,,,,,,,,,,,,,,,,,,,,,,,2012-12-23 06:51:00,noise,AKH.GO_201212230651_NO
AT,AKUT,BH,54.13517,-165.77185,19.2,800.0,manual,0.78,8.498000144958496,1469.5,manual,0.58,ak0115bxi6w7,2011-04-26 05:31:56.871000,,53.7604,-165.7959,0.29,,0.0,26.7,0.8,1.7,ml,,,0.375,41.74,182.15,[20.39999962 18.89999962 12.60000038],[[3199.]],2011-04-26 05:31:57.369000,earthquake_local,AKUT.AT_20110426053156_EV
PB,B026,EH,45.309351,-123.823049,232.0,400.0,manual,0.55,14.6899995803833,1537.0,manual,0.54,uw61284252,2017-07-23 01:41:38.420000,,45.44517,-122.64367,,,,25.04,,1.74,ml,,,0.8423,93.6,81.1,[39.79999924 31.89999962 26.39999962],[[2539.]],2017-07-23 01:41:49.110000,earthquake_local,B026.PB_20170723014148_EV
HV,AHUD,EH,19.371567,-155.263462,1051.0,803.0,autopicker,0.93,4.829999923706055,1156.0,autopicker,0.59,hv60903846,2015-04-25 17:42:52.400000,,19.2845,-155.29767,,,,30.58,,2.36,md,,,0.09244,10.29,200.0,[13.10000038  8.69999981 15.5       ],[[2165.]],2015-04-25 17:42:49.200000,earthquake_local,AHUD.HV_20150425174248_EV
PB,B039,EH,41.4667,-122.4847,923.9,500.0,manual,0.56,12.010000228881836,1448.0,autopicker,0.45,nc73008176,2018-04-29 10:38:35.410000,,41.39733,-121.6225,,,,4.71,,1.4,md,,,0.652,72.48,96.4,[11.69999981 13.         10.80000019],[[3199.]],2018-04-29 10:38:42.420000,earthquake_local,B039.PB_20180429103841_EV
ZQ,AAM3,HH,-26.374,27.416,1597.1,969.0,autopicker,0.94,2.119999885559082,1020.0,autopicker,0.61,437456,2008-07-30 19:26:01.800,0.66,-26.437,27.456,0.3,101.0,1.2,2.0,,2.2,ml,,,0.0724,8.04,150.2496,[51.29999924 48.40000153 49.        ],[[2142.]],2008-07-30 19:25:54.230000,earthquake_local,AAM3.ZQ_20080730192553_EV
7F,ARK2,EH,35.3341,-92.2982,212.0,,,,,,,,,,,,,,,,,,,,,,,,,,,2011-01-29 04:49:00,noise,ARK2.7F_201101290449_NO
PB,B067,EH,36.765,-121.5655,126.2,500.0,manual,0.67,3.3299999237060547,749.0,manual,0.0,nc72096126,2013-10-26 23:50:42.010000,,36.90517,-121.647,,,,9.3,,1.2,md,,,0.155,17.17,335.0,[33.59999847 31.60000038 30.5       ],[[1287.]],2013-10-26 23:50:40.340000,earthquake_local,B067.PB_20131026235039_EV
CI,BBR,HH,34.2623,-116.92075,2069.0,,,,,,,,,,,,,,,,,,,,,,,,,,,2018-01-15 00:24:30,noise,BBR.CI_20180115002430_NO
ET,BCRT,EH,35.766,-84.576,409.0,,,,,,,,,,,,,,,,,,,,,,,,,,,2018-01-15 19:17:48,noise,BCRT.ET_20180115191748_NO
AV,ANNE,EH,56.9119,-158.061,705.0,,,,,,,,,,,,,,,,,,,,,,,,,,,2018-01-16 02:49:24,noise,ANNE.AV_20180116024924_NO
PB,B023,EH,46.1112,-123.0787,177.4,900.0,manual,1.0,3.2100000381469727,1171.0,manual,0.66,uw60725991,2014-03-22 00:58:54.190000,,46.04467,-122.90717,,,,12.98,,0.91,md,,,0.1367,15.19,119.3,[13.80000019 16.89999962 11.39999962],[[2017.]],2014-03-22 00:58:48.400000,earthquake_local,B023.PB_20140322005847_EV
HA,ACOR,HH,37.8902,22.8692,437.0,900.0,manual,0.5,9.119999885559082,1770.0,manual,0.5,13992631,2009-09-13 08:54:54.68,1.03,37.5627,22.3559,0.8328,37.188,2.12428,3.88,,3.7,mb,,,0.52,58.04,51.1,[51.59999847 46.59999847 45.        ],[[5900.]],2009-09-13 08:54:54.800000,earthquake_local,ACOR.HA_20090913085453_EV
PB,B011,EH,48.649543,-123.448192,22.0,600.0,manual,0.0,14.640000343322754,1650.0,manual,0.93,uw61136666,2016-03-30 01:30:26.790000,,48.87867,-122.22433,,,,15.57,,1.59,ml,,,0.8416,93.51,74.6,[22.10000038 15.89999962 15.5       ],[[3199.]],2016-03-30 01:30:35.430000,earthquake_local,B011.PB_20160330013034_EV
HL,ARG,SH,36.21356,28.12122,148.0,600.0,manual,0.5,11.119999885559082,1280.0,manual,0.5,7255204,2004-02-25 11:12:46.98,0.33,36.0791,28.3675,1.1653,100.471,5.3179,71.16,,3.5,mw,,,0.24,26.72,305.1,[37.90000153 42.         34.5       ],[[5900.]],2004-02-25 11:12:52.100000,earthquake_local,ARG.HL_20040225111251_EV
HL,ARG,SH,36.21356,28.12122,148.0,400.0,manual,0.5,14.720000267028809,1750.0,manual,0.5,7384704,2004-08-04 00:12:00.78,0.63,36.8748,27.6476,0.848,47.201,4.9717,9.9,,3.5,md,,,0.76,84.75,149.5,[44.79999924 41.59999847 30.29999924],[[5900.]],2004-08-04 00:12:11.500000,earthquake_local,ARG.HL_20040804001210_EV
PB,B054,EH,37.86027,-122.19955,406.0,,,,,,,,,,,,,,,,,,,,,,,,,,,2015-09-06 02:43:00,noise,B054.PB_201509060243_NO
SN,AL5S,EH,36.8596,-116.4556,1366.0,,,,,,,,,,,,,,,,,,,,,,,,,,,2006-08-04 14:45:00,noise,AL5S.SN_200608041445_NO
C1,AC02,HH,-26.8355,-69.1291,3980.0,,,,,,,,,,,,,,,,,,,,,,,,,,,2015-09-30 07:51:00,noise,AC02.C1_201509300751_NO
PB,B054,EH,37.8602,-122.1995,405.6,400.0,manual,0.65,4.579999923706055,725.0,manual,0.0,nc72251920,2014-07-11 09:08:32.680000,,37.98083,-122.04717,,,,13.68,,2.01,md,,,0.1703,18.94,44.9,[45.59999847 45.29999924 38.70000076],[[1385.]],2014-07-11 09:08:33.260000,earthquake_local,B054.PB_20140711090832_EV
PB,B058,EH,36.7995,-121.5808,114.2,400.0,manual,0.68,2.0899999141693115,560.0,manual,0.53,nc72129401,2013-12-24 00:55:30.140000,,36.881,-121.61367,,,,6.45,,1.8,md,,,0.08559,9.51,342.1,[53.40000153 49.40000153 46.        ],[[1135.]],2013-12-24 00:55:28.230000,earthquake_local,B058.PB_20131224005527_EV
PB,B045,EH,40.436,-123.9965,29.4,700.0,manual,0.65,6.150000095367432,1219.0,manual,0.0,nc72828376,2017-07-05 13:44:18.170000,,40.679,-124.06683,,,,19.16,,2.23,md,,,0.2486,27.63,347.6,[38.79999924 34.40000153 27.39999962],[[1835.]],2017-07-05 13:44:17.320000,earthquake_local,B045.PB_20170705134416_EV
HL,ATH,HH,37.97384,23.71767,93.0,600.0,manual,0.5,28.700000762939453,2809.0,autopicker,0.8,610593776,2014-06-25 09:21:42.50,0.82,38.3547,21.7251,1.2003,32.901,2.13875,10.02,,4.3,mb,,,1.62,179.66,103.1,[37.70000076 32.5        23.89999962],[[5900.]],2014-06-25 09:22:05.200000,earthquake_local,ATH.HL_20140625092204_EV
C1,BI05,HH,-36.74784,-73.19051,52.0,,,,,,,,,,,,,,,,,,,,,,,,,,,2018-01-15 01:03:42,noise,BI05.C1_20180115010342_NO
WI,ABD,HH,16.47438,-61.48807,12.0,,,,,,,,,,,,,,,,,,,,,,,,,,,2016-10-06 08:46:00,noise,ABD.WI_201610060846_NO
NC,BBGB,HH,36.57848,-121.03957,1089.0,,,,,,,,,,,,,,,,,,,,,,,,,,,2016-05-04 09:10:00,noise,BBGB.NC_201605040910_NO
AK,BMR,BH,60.967701,-144.605103,842.0,,,,,,,,,,,,,,,,,,,,,,,,,,,2018-01-15 06:43:12,noise,BMR.AK_20180115064312_NO
PB,B058,EH,36.7995,-121.5808,114.0,,,,,,,,,,,,,,,,,,,,,,,,,,,2013-03-03 02:33:00,noise,B058.PB_201303030233_NO
PB,B066,EH,36.857533,-121.592167,67.0,900.0,autopicker,0.94,2.9200000762939453,1132.0,autopicker,0.87,nc72019640,2013-07-03 02:29:10.110000,,36.7555,-121.67083,,,,6.7,,1.8,md,,,0.1198,13.32,211.0,[28.         30.29999924 23.39999962],[[1567.]],2013-07-03 02:29:04.030000,earthquake_local,B066.PB_20130703022903_EV
PB,B049,EH,40.2375,-123.8197,117.0,500.0,manual,0.58,8.40999984741211,1145.0,manual,0.51,nc72538365,2015-10-16 12:13:57.700000,,40.4975,-124.208,,,,20.2,0.31,1.96,md,,,0.3946,43.83,311.2,[47.         47.79999924 44.29999924],[[1794.]],2015-10-16 12:14:01.110000,earthquake_local,B049.PB_20151016121400_EV
AV,AKS,EH,54.1095,-165.6987,213.0,,,,,,,,,,,,,,,,,,,,,,,,,,,2018-01-15 11:24:36,noise,AKS.AV_20180115112436_NO
PB,B011,EH,48.649543,-123.448192,22.0,600.0,manual,0.92,9.630000114440918,1335.0,manual,0.9,uw60449406,2012-08-05 10:30:39.750000,,48.5316667,-122.6866667,0.1,131.0,0.59,21.66,1.53,0.97,md,UW,,0.5192,57.69,103.5,[16.89999962 15.80000019 18.60000038],[[2122.]],2012-08-05 10:30:43.380000,earthquake_local,B011.PB_20120805103042_EV
C1,AP01,HH,-18.3708,-70.3419,31.0,,,,,,,,,,,,,,,,,,,,,,,,,,,2016-12-23 15:39:00,noise,AP01.C1_201612231539_NO
AV,AKMO,BH,54.0903,-166.0126,277.0,800.0,manual,0.8,19.34000015258789,2300.0,manual,0.67,usc000tnhh,2015-02-02 06:05:08.000000,0.86,53.9189,-164.2618,0.42,,,57.3,9.9,2.6,ml,,,1.04766,116.29,100.143,[28.89999962 24.60000038 19.        ],[[3466.]],2015-02-02 06:05:19.340000,earthquake_local,AKMO.AV_20150202060519_EV
AV,ACH,BH,58.21,-155.3281,960.0,,,,,,,,,,,,,,,,,,,,,,,,,,,2018-01-15 20:51:36,noise,ACH.AV_20180115205136_NO
AV,AKS,EH,54.1095,-165.6987,213.0,,,,,,,,,,,,,,,,,,,,,,,,,,,2018-01-15 10:55:12,noise,AKS.AV_20180115105512_NO
TA,A04D,HH,48.7201,-122.7063,13.0,,,,,,,,,,,,,,,,,,,,,,,,,,,2016-01-26 18:37:00,noise,A04D.TA_201601261837_NO
AV,ANON,EH,56.919,-158.1737,445.0,,,,,,,,,,,,,,,,,,,,,,,,,,,2018-01-16 16:05:18,noise,ANON.AV_20180116160518_NO
II,ABPO,BH,-19.018,47.229,1528.0,,,,,,,,,,,,,,,,,,,,,,,,,,,2018-01-15 18:56:06,noise,ABPO.II_20180115185606_NO
TA,214A,HH,31.9559,-112.8115,543.0,,,,,,,,,,,,,,,,,,,,,,,,,,,2016-09-29 07:21:00,noise,214A.TA_201609290721_NO
GM,AA12,HH,39.53523,-121.4669,385.0,,,,,,,,,,,,,,,,,,,,,,,,,,,2017-05-08 23:09:00,noise,AA12.GM_201705082309_NO
TA,833A,HH,28.3236,-99.3939,171.0,,,,,,,,,,,,,,,,,,,,,,,,,,,2018-06-26 05:15:00,noise,833A.TA_201806260515_NO
CN,BLKN,HH,64.3185,-96.0024,40.0,,,,,,,,,,,,,,,,,,,,,,,,,,,2018-01-15 02:15:06,noise,BLKN.CN_20180115021506_NO
PB,B033,EH,43.2917,-123.1245,312.1,800.0,manual,0.35,21.25,2566.0,manual,0.97,uw60938712,2014-12-17 01:18:53.700000,,43.1153,-124.8547,,,,30.8,,3.0,ml,,,1.277,141.75,261.4,[45.29999924 46.09999847 40.70000076],[[3487.]],2014-12-17 01:19:06.950000,earthquake_local,B033.PB_20141217011906_EV
PB,B065,EH,36.743667,-121.474167,643.0,600.0,manual,0.61,5.25,991.0,manual,0.54,nc72370661,2014-12-26 21:32:36.960000,,36.59217,-121.19717,,,,4.53,,1.21,md,,,0.2694,29.93,124.3,[21.60000038 24.60000038 21.39999962],[[2187.]],2014-12-26 21:32:36.210000,earthquake_local,B065.PB_20141226213235_EV
TA,B05D,BH,48.2641,-122.096,153.0,400.0,manual,0.95,3.450000047683716,712.0,manual,0.93,uw10810073,2011-02-01 10:08:03.130000,,48.3328333,-122.3516667,0.3,76.0,1.48,8.48,3.76,1.6,md,UW,,0.1841,20.45,291.9,[45.70000076 45.90000153 39.90000153],[[1365.]],2011-02-01 10:08:02.580000,earthquake_local,B05D.TA_20110201100801_EV
PB,B065,EH,36.743667,-121.474167,643.0,600.0,manual,0.58,3.240000009536743,841.0,autopicker,0.74,nc72134711,2014-01-02 08:49:04.510000,,36.667,-121.30083,,,,3.21,,0.62,md,,,0.1586,17.67,118.9,[24.20000076 22.5        17.79999924],[[1628.]],2014-01-02 08:49:01.750000,earthquake_local,B065.PB_20140102084900_EV
PB,B066,EH,36.857533,-121.592167,67.0,899.0,autopicker,0.91,0.8100000023841858,1013.0,autopicker,0.77,nc72003340,2013-06-06 20:41:04.460000,,36.878334,-121.5966644,0.03,139.0,0.63,2.5,0.71,1.88,md,NC,,0.02162,2.34,350.0,[25.29999924 25.20000076 24.29999924],[[2254.]],2013-06-06 20:40:56.280000,earthquake_local,B066.PB_20130606204055_EV
DK,ANGG,HH,65.616302,-37.6371,9.0,,,,,,,,,,,,,,,,,,,,,,,,,,,2018-01-15 06:41:06,noise,ANGG.DK_20180115064106_NO
AV,AKLV,BH,54.1618,-165.9576,551.0,596.0,autopicker,0.87,14.27299976348877,1716.0,autopicker,0.71,ak012fj9iqdk,2012-12-03 16:58:29.207000,,53.5542,-165.3755,0.24,,0.0,53.9,2.5,2.2,ml,,,0.698,77.72,150.77,[24.39999962 23.5        21.89999962],[[2534.]],2012-12-03 16:58:37.520000,earthquake_local,AKLV.AV_20121203165836_EV
C1,AP01,HH,-18.3708,-70.3419,31.0,,,,,,,,,,,,,,,,,,,,,,,,,,,2018-01-16 11:44:54,noise,AP01.C1_20180116114454_NO
HV,ALEP,EH,19.541178,-155.644036,2894.0,700.0,manual,0.54,8.979999542236328,1431.0,manual,0.54,hv61169771,2016-02-05 02:22:48.910000,,19.3085,-155.213,,,,1.99,,1.83,md,,,0.468,52.08,119.9,[45.29999924 50.09999847 50.        ],[[2563.]],2016-02-05 02:22:50.890000,earthquake_local,ALEP.HV_20160205022249_EV
AV,AMKA,BH,51.3771,179.3,116.0,800.0,manual,0.5,19.350000381469727,2183.0,manual,0.82,usb000tihf,2015-01-13 09:08:48.000000,1.48,51.7784,178.3469,0.73,,,114.2,10.0,2.5,ml,,,0.7178,79.68,303.675,[27.29999924 25.79999924 19.        ],[[3091.]],2015-01-13 09:08:59.350000,earthquake_local,AMKA.AV_20150113090859_EV
PB,B058,EH,36.7995,-121.5808,114.2,500.0,manual,0.55,3.0199999809265137,741.0,manual,0.52,nc72818176,2017-06-19 08:09:40.150000,,36.86717,-121.4525,,,,3.0,,0.64,md,,,0.1231,13.69,56.7,[17.29999924 16.20000076 16.39999962],[[1520.]],2017-06-19 08:09:38.170000,earthquake_local,B058.PB_20170619080937_EV
PB,B065,EH,36.743667,-121.474167,643.0,800.0,manual,0.55,5.019999980926514,1178.0,manual,0.54,nc72283896,2014-08-25 08:43:19.370000,,36.59733,-121.20883,,,,6.09,,1.0,md,,,0.2586,28.75,124.5,[23.70000076 23.5        21.        ],[[2342.]],2014-08-25 08:43:16.390000,earthquake_local,B065.PB_20140825084315_EV
AV,AMKA,BH,51.3771,179.3,116.0,,,,,,,,,,,,,,,,,,,,,,,,,,,2018-01-15 07:26:36,noise,AMKA.AV_20180115072636_NO
HV,AHUD,EH,19.371567,-155.263462,1051.0,800.0,autopicker,0.75,1.659999966621399,921.0,autopicker,0.54,hv70453762,2018-07-21 06:34:44.690000,,19.4085,-155.28067,,,,0.13,,2.26,ml,,,0.04017,4.47,336.0,[13.60000038 12.19999981 21.70000076],[[2084.]],2018-07-21 06:34:38.350000,earthquake_local,AHUD.HV_20180721063437_EV
HT,AGG,HH,39.0211,22.336,625.0,700.0,manual,0.5,17.989999771118164,2101.0,autopicker,0.97,13397363,2008-10-17 21:25:36.01,0.39,38.831,23.5595,0.7792,111.98,3.9102,5.24,,3.5,ml,,,0.98,108.18,281.6,[30.10000038 27.89999962 28.        ],[[3199.]],2008-10-17 21:25:47,earthquake_local,AGG.HT_20081017212546_EV
HV,ALEP,EH,19.541178,-155.644036,2894.0,494.0,autopicker,0.71,7.400000095367432,1113.0,autopicker,0.85,hv70391351,2018-07-10 07:48:39.080000,,19.4125,-155.28366,,,,0.29,,2.1,ml,,,0.3633,40.43,111.0,[15.60000038 22.10000038 15.89999962],[[3199.]],2018-07-10 07:48:41.540000,earthquake_local,ALEP.HV_20180710074840_EV
ZQ,AAM2,HH,-26.473,27.491,1555.2,926.3,autopicker,0.94,1.909999966621399,1031.3,autopicker,0.85,428412,2007-02-16 12:57:01.400,1.85,-26.428,27.412,0.7,234.0,,2.0,,1.5,ml,,,0.084,9.32,302.3084,[44.5        45.70000076 43.20000076],[[2272.]],2007-02-16 12:56:54.047000,earthquake_local,AAM2.ZQ_20070216125653_EV
HT,AOS,HH,39.16543,23.86388,230.0,400.0,manual,0.5,7.440000057220459,1010.0,manual,0.5,14190802,2009-04-05 02:55:51.66,0.83,38.8517,23.6135,0.6362,60.604,2.5361,12.48,,2.9,ml,,,0.38,41.03,33.0,[35.29999924 38.90000153 32.90000153],[[3845.]],2009-04-05 02:55:55.100000,earthquake_local,AOS.HT_20090405025554_EV
AT,AKUT,BH,54.13517,-165.77185,19.2,700.0,manual,0.5,25.56999969482422,2626.0,manual,0.5,603239470,2013-06-30 09:29:45.55,0.66,55.0535,-165.5342,1.6628,50.688,,170.23,,3.8,mb,,,0.93,103.37,188.6,[20.89999962 17.70000076 10.30000019],[[5900.]],2013-06-30 09:30:04.120000,earthquake_local,AKUT.AT_20130630093003_EV
PB,B035,EH,42.503514,-123.383419,370.0,500.0,manual,1.0,13.420000076293944,1530.0,manual,0.69,uw60514752,2013-04-04 22:01:19.010000,,42.59483,-122.442,,,,3.76,,1.2,ml,,,0.7016,77.99,82.8,[25.70000076 25.39999962 22.79999924],[[2448.]],2013-04-04 22:01:27.430000,earthquake_local,B035.PB_20130404220126_EV
AV,AMKA,BH,51.3771,179.3,116.0,700.0,manual,0.0,15.510000228881836,1811.0,manual,0.57,usb000rulk,2014-07-19 13:40:10.000000,1.01,51.6365,178.3739,0.5,,8.597,72.4,4.7,2.8,ml,,,0.63442,70.42,293.81,[56.5        55.70000076 49.09999847],[[2504.]],2014-07-19 13:40:18.510000,earthquake_local,AMKA.AV_20140719134018_EV
GO,AKH,HH,41.41,43.4929,1720.0,,,,,,,,,,,,,,,,,,,,,,,,,,,2017-11-19 09:59:00,noise,AKH.GO_201711190959_NO
PB,B024,EH,45.6378,-123.8558,37.7,900.0,manual,0.61,11.989999771118164,1842.0,manual,0.61,uw61250091,2017-02-14 10:30:53.640000,,45.631,-122.8775,,,,10.57,,1.6,ml,,,0.6864,76.28,90.9,[17.79999924 19.         14.5       ],[[2950.]],2017-02-14 10:30:56.630000,earthquake_local,B024.PB_20170214103055_EV
PR,AOPR,BH,18.346645,-66.753975,355.1,900.0,manual,0.48,17.09000015258789,2226.0,manual,0.0,pr2017130020,2017-05-10 20:11:12.610000,,18.341,-66.1947,0.28,156.0,2.52,114.52,1.44,2.72,md,,,0.5364,59.54,91.0,[20.20000076 17.5        16.29999924],[[3465.]],2017-05-10 20:11:20.700000,earthquake_local,AOPR.PR_20170510201120_EV
AV,AKV,BH,54.1253,-165.9647,863.0,,,,,,,,,,,,,,,,,,,,,,,,,,,2016-10-25 21:57:00,noise,AKV.AV_201610252157_NO
AV,AKS,EH,54.1095,-165.6987,213.0,700.0,manual,0.6,13.687000274658203,1708.6,manual,0.69,ak16329701,2017-07-12 10:55:38.135000,,54.0647,-164.7992,,,,69.4,,1.7,ml,,,0.53,59.07,95.22,[22.60000038 25.20000076 24.29999924],[[2824.]],2017-07-12 10:55:44.822000,earthquake_local,AKS.AV_20170712105543_EV
HT,AGG,HH,39.021099,22.336,622.0,,,,,,,,,,,,,,,,,,,,,,,,,,,2018-01-16 18:54:42,noise,AGG.HT_20180116185442_NO
7F,ARK1,EH,35.266602,-92.403503,176.0,,,,,,,,,,,,,,,,,,,,,,,,,,,2010-07-24 04:47:00,noise,ARK1.7F_20100724044700_NO
CI,BAR,HH,32.68005,-116.67215,529.0,,,,,,,,,,,,,,,,,,,,,,,,,,,2018-01-15 04:14:06,noise,BAR.CI_20180115041406_NO
AT,AKUT,BH,54.13517,-165.77185,19.2,800.0,manual,0.5,24.6299991607666,3019.0,manual,0.5,604772933,2014-07-01 16:09:57.55,0.45,52.7317,-166.8565,1.223,124.854,,35.0,,4.8,mw,,,1.55,172.03,24.3,[37.90000153 31.89999962 33.59999847],[[5900.]],2014-07-01 16:10:14.180000,earthquake_local,AKUT.AT_20140701161013_EV
CI,ADO,HH,34.550461,-117.433907,908.0,,,,,,,,,,,,,,,,,,,,,,,,,,,2018-01-15 01:18:24,noise,ADO.CI_20180115011824_NO
AV,AMKA,BH,51.3771,179.3,116.0,1000.0,manual,0.5,17.90999984741211,2238.0,manual,0.86,us100069lw,2016-07-26 23:57:38.480000,,51.7335,178.4202,,,,105.1,,4.0,mb,,,0.65506,72.71,302.672,[49.20000076 47.09999847 43.09999847],[[3376.]],2016-07-26 23:57:46.390000,earthquake_local,AMKA.AV_20160726235746_EV
HV,AHUD,EH,19.371567,-155.263462,1051.0,702.0,autopicker,0.92,1.5399999618530271,833.0,autopicker,0.57,hv60904511,2015-04-26 06:21:42.510000,,19.4025,-155.29334,,,,3.05,,1.36,md,,,0.04174,4.64,317.0,[13.10000038 12.60000038 26.        ],[[1928.]],2015-04-26 06:21:37.030000,earthquake_local,AHUD.HV_20150426062136_EV
AV,AMKA,BH,51.3771,179.3,116.0,400.0,manual,0.74,7.002999782562256,988.9,manual,0.99,ak16332335,2017-06-17 07:44:45.422000,,51.2157,179.7109,,,,20.0,,1.9,ml,,,0.303,33.82,122.3,[29.         28.20000076 26.89999962],[[2433.]],2017-06-17 07:44:48.425000,earthquake_local,AMKA.AV_20170617074447_EV
AV,AMKA,BH,51.3771,179.3,116.0,,,,,,,,,,,,,,,,,,,,,,,,,,,2018-01-15 07:54:36,noise,AMKA.AV_20180115075436_NO
HV,AHUD,EH,19.371567,-155.263462,1051.0,904.0,autopicker,0.88,2.8399999141693115,1127.0,autopicker,0.6,hv61679551,2017-04-05 23:31:14.130000,,19.3295,-155.13783,,,,4.01,,1.75,md,,,0.1258,14.0,110.0,[13.         15.5        18.39999962],[[2700.]],2017-04-05 23:31:07.930000,earthquake_local,AHUD.HV_20170405233106_EV
PB,B065,EH,36.743667,-121.474167,643.0,500.0,manual,0.55,3.0899999141693115,738.0,manual,0.0,nc71509265,2011-01-13 01:02:35.630000,,36.6836667,-121.3041667,0.07,89.0,0.22,2.34,0.36,1.04,md,NC,,0.1495,16.58,113.8,[25.20000076 27.39999962 22.20000076],[[1367.]],2011-01-13 01:02:33.720000,earthquake_local,B065.PB_20110113010232_EV
KR,ARK,BH,41.799999,71.966667,1420.0,,,,,,,,,,,,,,,,,,,,,,,,,,,2018-01-15 01:24:00,noise,ARK.KR_20180115012400_NO
C1,AC04,HH,-28.2046,-71.0739,249.0,900.0,manual,0.5,34.75,3520.0,manual,0.5,607916947,2014-06-14 16:11:29.96,1.7,-30.2636,-71.5222,1.3784,186.876,8.82883,16.81,,3.9,mw,,,2.09,232.34,10.9,[38.70000076 33.59999847 32.40000153],[[4179.]],2014-06-14 16:11:55.710000,earthquake_local,AC04.C1_20140614161154_EV
PB,B054,EH,37.8602,-122.1995,405.6,400.0,manual,0.66,2.0,554.0,manual,0.53,nc72944251,2017-12-25 16:08:33.690000,,37.87867,-122.25533,,,,9.11,,1.47,md,,,0.04788,5.32,292.7,[51.5        52.70000076 48.5       ],[[1028.]],2017-12-25 16:08:31.690000,earthquake_local,B054.PB_20171225160830_EV
5H,BEAV,HH,37.998402,-77.999298,118.0,,,,,,,,,,,,,,,,,,,,,,,,,,,2018-01-15 05:08:42,noise,BEAV.5H_20180115050842_NO
PR,AOPR,BH,18.346645,-66.753975,355.1,400.0,manual,1.0,10.3100004196167,1181.0,manual,0.0,pr2018169006,2018-06-18 04:58:27.580000,,17.817,-66.8328,0.24,229.0,0.76,4.64,0.86,2.42,md,,,0.5364,59.21,188.0,[23.79999924 13.19999981 21.89999962],[[2597.]],2018-06-18 04:58:33.890000,earthquake_local,AOPR.PR_20180618045832_EV
AV,AKS,EH,54.1095,-165.6987,213.0,,,,,,,,,,,,,,,,,,,,,,,,,,,2018-01-16 07:03:30,noise,AKS.AV_20180116070330_NO
PB,B046,EH,40.32197,-124.2843,44.0,700.0,manual,0.46,15.43000030517578,1884.0,manual,0.08,nc72547610,2015-11-02 02:34:01.250000,,40.3647,-125.3967,,,,13.7,,4.3,mw,,,0.8505,94.41,272.5,[66.59999847 66.5        65.        ],[[2825.]],2015-11-02 02:34:09.680000,earthquake_local,B046.PB_20151102023409_EV
ZQ,AAM1,HH,-26.427,27.423,1169.9,900.0,autopicker,0.81,2.6700000762939453,1000.0,autopicker,0.97,4427,2007-10-15 03:05:30.200,0.8,-26.44,27.27,0.4,200.0,,2.0,,1.3,ml,,,0.1381,15.33,264.5745,[20.70000076 19.20000076 19.29999924],[[2200.]],2007-10-15 03:05:23.870000,earthquake_local,AAM1.ZQ_20071015030522_EV
TA,214A,HH,31.9559,-112.8115,543.0,,,,,,,,,,,,,,,,,,,,,,,,,,,2015-12-20 10:44:00,noise,214A.TA_201512201044_NO
AV,AKBB,BH,54.0975,-165.9338,310.0,,,,,,,,,,,,,,,,,,,,,,,,,,,2018-01-15 08:14:12,noise,AKBB.AV_20180115081412_NO
PB,B046,EH,40.32197,-124.2843,44.0,400.0,manual,0.69,5.880000114440918,871.0,manual,0.54,nc72245161,2014-06-27 18:45:17.640000,,40.4205,-124.025,,,,24.49,,1.79,md,,,0.2207,24.59,63.5,[44.79999924 48.29999924 38.70000076],[[1342.]],2014-06-27 18:45:19.520000,earthquake_local,B046.PB_20140627184518_EV
ZQ,AAM1,HH,-26.427,27.423,1169.9,1027.3,autopicker,0.93,2.140000104904175,1103.3,autopicker,0.65,423377,2007-06-25 14:22:21.300,1.4,-26.423,27.377,0.5,87.0,2.2,2.0,,2.5,ml,,,0.0415,4.61,275.5063,[49.5 53.5 51. ],[[2358.]],2007-06-25 14:22:13.167000,earthquake_local,AAM1.ZQ_20070625142212_EV
HV,ALEP,EH,19.541178,-155.644036,2894.0,400.0,manual,0.62,5.610000133514404,819.0,manual,0.58,hv61147151,2016-01-10 02:02:26.170000,,19.49083,-155.36967,,,,13.69,,1.95,md,,,0.2636,29.33,101.1,[54.20000076 50.5        52.29999924],[[1858.]],2016-01-10 02:02:27.780000,earthquake_local,ALEP.HV_20160110020226_EV
HV,AHUD,EH,19.371567,-155.263462,1051.0,,,,,,,,,,,,,,,,,,,,,,,,,,,2012-02-28 20:13:00,noise,AHUD.HV_201202282013_NO
DK,ANGG,HH,65.616302,-37.6371,9.0,,,,,,,,,,,,,,,,,,,,,,,,,,,2018-01-15 11:50:30,noise,ANGG.DK_20180115115030_NO
TA,833A,HH,28.3236,-99.3939,171.0,,,,,,,,,,,,,,,,,,,,,,,,,,,2018-03-08 15:49:00,noise,833A.TA_201803081549_NO
IU,ADK,HH,51.8823,-176.6842,130.0,,,,,,,,,,,,,,,,,,,,,,,,,,,2018-09-26 11:33:00,noise,ADK.IU_201809261133_NO
PR,AGPR,BH,18.467493,-67.111184,119.9,500.0,manual,0.25,11.960000038146973,1462.0,manual,0.78,pr16326002,2016-11-21 06:45:02.400000,,17.996,-66.622,0.2,173.0,0.46,17.76,0.5,2.79,md,,,0.66037,73.3,135.323,[16.39999962 19.         11.5       ],[[3812.]],2016-11-21 06:45:09.360000,earthquake_local,AGPR.PR_20161121064509_EV
PB,B028,EH,44.493667,-122.963833,140.0,800.0,manual,0.9,8.329999923706055,1403.0,manual,0.88,uw61114241,2015-12-27 10:30:12.630000,,44.0925,-122.8325,,,,10.24,,1.22,ml,,,0.412,45.79,166.9,[9.30000019 7.69999981 9.69999981],[[3199.]],2015-12-27 10:30:12.960000,earthquake_local,B028.PB_20151227103011_EV
PB,B078,EH,35.8377,-120.3452,387.0,,,,,,,,,,,,,,,,,,,,,,,,,,,2009-04-13 19:38:00,noise,B078.PB_200904131938_NO
C1,AC06,HH,-27.357117,-70.354689,380.0,,,,,,,,,,,,,,,,,,,,,,,,,,,2018-01-16 06:46:00,noise,AC06.C1_20180116064600_NO
HV,AHUD,EH,19.371567,-155.263462,1051.0,501.0,autopicker,0.9,1.590000033378601,681.0,autopicker,0.88,hv70254766,2018-06-12 05:40:37.680000,,19.40883,-155.28317,,,,0.81,,2.47,ml,,,0.04148,4.62,333.0,[25.79999924 29.60000038 25.29999924],[[1722.]],2018-06-12 05:40:34.260000,earthquake_local,AHUD.HV_20180612054033_EV
PB,B046,EH,40.32197,-124.2843,44.0,700.0,manual,0.7,5.239999771118164,1101.0,manual,0.6,nc72580981,2016-01-17 03:46:21.540000,,40.447,-124.40317,,,,24.97,,2.15,md,,,0.155,17.16,324.1,[31.29999924 31.10000038 25.89999962],[[1534.]],2016-01-17 03:46:19.780000,earthquake_local,B046.PB_20160117034618_EV
HL,ARG,SH,36.21356,28.12122,148.0,800.0,manual,0.5,13.039999961853027,1820.0,manual,0.5,8188352,2006-01-23 03:26:16.86,0.83,35.9963,28.8741,1.1814,159.114,7.6654,4.52,,3.7,mb,,,0.64,71.95,290.1,[10.80000019 18.60000038  8.10000038],[[5900.]],2006-01-23 03:26:21.900000,earthquake_local,ARG.HL_20060123032620_EV
PB,B065,EH,36.743667,-121.474167,643.0,700.0,manual,0.69,1.8899999856948853,850.0,manual,0.6,nc72510691,2015-08-22 23:10:54.160000,,36.767,-121.393,,,,6.58,,0.73,md,,,0.06937,7.7,70.3,[30.20000076 32.59999847 29.29999924],[[1297.]],2015-08-22 23:10:49.050000,earthquake_local,B065.PB_20150822231048_EV
AV,AKSA,BH,54.1095,-165.6987,213.0,500.0,manual,0.4,24.739999771118164,2565.0,manual,0.84,us20006hxb,2016-07-26 19:46:31.610000,,52.8329,-166.7743,,,,17.0,,5.4,mww,,,1.43156,158.9,206.2581,[54.09999847 53.59999847 53.        ],[[3902.]],2016-07-26 19:46:51.350000,earthquake_local,AKSA.AV_20160726194651_EV
PB,B065,EH,36.743667,-121.474167,643.0,600.0,manual,0.58,3.640000104904175,854.0,manual,0.55,nc72106721,2013-11-13 08:46:46.010000,,36.71567,-121.32,,,,15.73,,1.4,md,,,0.127,14.12,102.8,[32.09999847 33.20000076 29.89999962],[[1630.]],2013-11-13 08:46:43.650000,earthquake_local,B065.PB_20131113084642_EV
PB,B046,EH,40.32197,-124.2843,44.0,800.0,manual,0.16,14.329999923706056,1906.0,manual,0.0,nc72185641,2014-03-15 12:31:20.640000,,40.751,-125.2363,,,,23.0,,2.9,md,,,0.8423,93.5,300.7,[35.09999847 37.29999924 36.40000153],[[3475.]],2014-03-15 12:31:26.970000,earthquake_local,B046.PB_20140315123126_EV
PB,B018,EH,46.9795,-123.0203,10.0,800.0,manual,0.6,9.550000190734863,1585.0,manual,0.9,uw60457336,2012-08-24 22:28:59.110000,,47.0918333,-123.805,0.28,173.0,0.71,15.76,0.88,1.46,md,UW,,0.5484,60.93,281.6,[21.70000076 22.29999924 16.29999924],[[3110.]],2012-08-24 22:29:00.660000,earthquake_local,B018.PB_20120824222859_EV
SN,AMD,EH,36.4526,-116.2818,775.4,600.0,manual,0.95,5.405029773712158,973.719,manual,0.93,nn00397544,2012-12-25 01:50:34.278000,,36.7262,-116.2749,0.0657,184.58,0.0,3.7,3.4,0.0,ml,NN,,0.274,30.37,1.17,[11.30000019  9.69999981 13.30000019],[[2694.]],2012-12-25 01:50:33.683030,earthquake_local,AMD.SN_20121225015032_EV
IV,ASQU,HH,43.7967,11.7893,860.0,900.0,manual,0.5,11.779999732971191,1820.0,manual,0.5,11255532,2008-09-04 22:50:16.02,0.23,44.3598,11.2908,1.041,47.958,2.7466,10.0,,2.3,ml,,,0.67,74.22,147.3,[29.70000076 31.89999962 28.89999962],[[3192.]],2008-09-04 22:50:18.800000,earthquake_local,ASQU.IV_20080904225017_EV
ZQ,AAM1,HH,-26.427,27.423,1169.9,1168.6,autopicker,0.84,3.3399999141693115,1379.6,autopicker,0.67,456421,2008-05-12 12:06:49.300,1.25,-26.456,27.421,0.5,224.0,,2.0,,1.7,ml,,,0.029,3.22,183.5522,[21.         23.60000038 21.79999924],[[3181.]],2008-05-12 12:06:40.954000,earthquake_local,AAM1.ZQ_20080512120639_EV
PB,B058,EH,36.7995,-121.5808,114.2,900.0,manual,0.67,4.289999961853027,1307.0,manual,0.0,nc72509506,2015-08-20 11:11:19.960000,,36.9865,-121.46683,,,,5.23,,1.04,md,,,0.2081,23.11,26.0,[22.5        24.5        21.29999924],[[2230.]],2015-08-20 11:11:15.250000,earthquake_local,B058.PB_20150820111114_EV
HV,AHUD,EH,19.371567,-155.263462,1051.0,600.0,autopicker,0.84,1.4900000095367432,707.0,autopicker,0.49,hv70356971,2018-07-03 08:11:45.970000,,19.40833,-155.26567,,,,1.06,,2.33,ml,,,0.03663,4.08,356.0,[25.10000038 26.89999962 30.79999924],[[1628.]],2018-07-03 08:11:41.460000,earthquake_local,AHUD.HV_20180703081140_EV
PB,B049,EH,40.2375,-123.8197,117.0,800.0,manual,0.58,9.550000190734863,2084.0,autopicker,0.94,nc72869491,2017-08-14 19:58:32.640000,,40.349,-124.3895,,,,16.54,,1.83,md,,,0.4498,50.01,284.2,[20.70000076 23.5        16.39999962],[[3179.]],2017-08-14 19:58:34.190000,earthquake_local,B049.PB_20170814195833_EV
HT,AGG,HH,39.021099,22.336,622.0,,,,,,,,,,,,,,,,,,,,,,,,,,,2018-01-16 11:30:54,noise,AGG.HT_20180116113054_NO
PB,B066,EH,36.85753,-121.59217,67.0,,,,,,,,,,,,,,,,,,,,,,,,,,,2016-07-30 22:03:00,noise,B066.PB_201607302203_NO
PB,B030,EH,43.9713,-122.7717,263.6,800.0,manual,0.0,13.43000030517578,1695.0,manual,0.71,uw60615862,2013-10-23 05:50:53.100000,,43.34167,-122.44017,,,,7.01,,1.5,ml,,,0.6738,74.89,159.3,[22.29999924 17.89999962 13.10000038],[[3199.]],2013-10-23 05:50:58.530000,earthquake_local,B030.PB_20131023055057_EV
CI,BBR,HH,34.2623,-116.92075,2069.0,,,,,,,,,,,,,,,,,,,,,,,,,,,2018-01-15 00:42:42,noise,BBR.CI_20180115004242_NO
HV,AHUD,EH,19.371567,-155.263462,1051.0,700.0,manual,0.69,1.350000023841858,823.0,manual,0.55,hv61491046,2016-11-22 18:34:11.510000,,19.381,-155.23583,,,,3.04,,1.89,ml,,,0.02772,3.08,70.1,[23.89999962 23.89999962 28.60000038],[[1892.]],2016-11-22 18:34:05.860000,earthquake_local,AHUD.HV_20161122183404_EV
GO,AKH,HH,41.41,43.4929,1720.0,,,,,,,,,,,,,,,,,,,,,,,,,,,2012-06-30 17:50:00,noise,AKH.GO_201206301750_NO
HA,ATAL,HH,38.6926,23.0213,290.0,400.0,manual,0.5,7.789999961853027,1040.0,manual,0.5,13397870,2008-10-23 07:09:10.01,0.38,38.8343,23.5242,0.8477,111.151,4.0055,9.97,,3.1,ml,,,0.42,46.45,250.4,[56.         51.79999924 53.29999924],[[1875.]],2008-10-23 07:09:13.800000,earthquake_local,ATAL.HA_20081023070912_EV
TA,833A,HH,28.3236,-99.3939,171.0,,,,,,,,,,,,,,,,,,,,,,,,,,,2015-12-09 00:59:00,noise,833A.TA_201512090059_NO
HP,AMT,HH,37.5324,21.7089,482.0,600.0,manual,0.5,14.09000015258789,1630.0,manual,0.5,14554014,2010-03-07 14:12:04.71,0.66,38.1379,22.0071,1.4056,27.798,3.04794,53.54,,3.7,mb,,,0.65,72.15,201.4,[39.20000076 38.09999847 40.70000076],[[5900.]],2010-03-07 14:12:12.800000,earthquake_local,AMT.HP_20100307141211_EV
PB,B058,EH,36.7995,-121.5808,114.2,400.0,manual,0.61,3.25,632.0,manual,0.61,nc72791991,2017-04-22 02:06:36.790000,,36.941,-121.53917,,,,4.76,,1.24,md,,,0.1451,16.14,13.3,[38.29999924 37.09999847 34.79999924],[[1225.]],2017-04-22 02:06:36.040000,earthquake_local,B058.PB_20170422020635_EV
PB,B065,EH,36.743667,-121.474167,643.0,899.0,autopicker,0.92,3.039999961853028,1133.0,autopicker,0.71,nc71925641,2013-01-20 20:53:08.140000,,36.6769981,-121.3068314,0.05,41.0,0.18,5.07,0.58,1.83,md,NC,,0.1505,16.68,117.0,[41.         42.20000076 37.59999847],[[1914.]],2013-01-20 20:53:02.190000,earthquake_local,B065.PB_20130120205301_EV
KR,ARLS,BH,41.85444,74.32889,1526.0,600.0,manual,0.5,20.950000762939453,2149.0,autopicker,0.67,606183210,2014-01-01 22:10:47.25,1.13,41.7912,72.8635,1.0021,71.571,4.71511,3.6,,3.1,mb,,,1.09,121.95,85.9,[31.79999924 36.29999924 32.29999924],[[5900.]],2014-01-01 22:11:02.200000,earthquake_local,ARLS.KR_20140101221101_EV
HV,AHUD,EH,19.371567,-155.263462,1051.0,500.0,manual,0.64,1.3300000429153442,581.0,manual,0.57,hv61227921,2016-04-11 12:10:58.630000,,19.38217,-155.23967,,,,2.95,,2.02,ml,,,0.02482,2.76,64.7,[33.29999924 38.09999847 43.40000153],[[1323.]],2016-04-11 12:10:54.960000,earthquake_local,AHUD.HV_20160411121053_EV
PO,ALFO,HH,45.6283,-74.8842,0.0,800.0,manual,0.52,18.010000228881836,2151.0,manual,0.61,ld60041101,2013-05-30 05:34:59.140000,,45.7695,-76.3691667,0.25,152.0,0.53,13.25,0.65,2.93,ml,LD,,1.05,116.55,277.8,[47.09999847 52.         50.5       ],[[5999.]],2013-05-30 05:35:09.150000,earthquake_local,ALFO.PO_20130530053509_EV
AV,AMKA,BH,51.3771,179.3,116.0,,,,,,,,,,,,,,,,,,,,,,,,,,,2018-01-16 01:45:00,noise,AMKA.AV_20180116014500_NO
HV,AHUD,EH,19.371567,-155.263462,1051.0,400.0,manual,0.63,1.2599999904632568,487.0,manual,0.54,hv61387536,2016-08-24 23:47:14.350000,,19.38467,-155.24417,,,,2.82,,0.67,md,,,0.0224,2.49,54.3,[16.39999962 17.20000076 21.10000038],[[1148.]],2016-08-24 23:47:11.610000,earthquake_local,AHUD.HV_20160824234710_EV
AV,AKS,EH,54.1095,-165.6987,213.0,,,,,,,,,,,,,,,,,,,,,,,,,,,2018-01-16 14:23:06,noise,AKS.AV_20180116142306_NO
PB,B065,EH,36.743667,-121.474167,643.0,600.0,autopicker,0.94,0.9399999976158142,687.0,autopicker,0.9,nc72078776,2013-09-29 22:27:42.600000,,36.7366676,-121.4396667,0.06,83.0,0.7,-0.5,1.57,1.04,md,NC,,0.02883,3.18,105.0,[42.79999924 43.40000153 37.79999924],[[1548.]],2013-09-29 22:27:37.540000,earthquake_local,B065.PB_20130929222736_EV
AV,AKS,EH,54.1095,-165.6987,213.0,900.0,manual,0.54,4.795000076293945,1212.9,manual,0.66,ak01122itd6r,2011-02-14 06:10:02.279000,,54.1594,-165.9593,0.34,,0.0,4.9,0.0,2.0,ml,,,0.161,17.92,287.54,[38.59999847 39.70000076 32.70000076],[[1948.]],2011-02-14 06:09:58.074000,earthquake_local,AKS.AV_20110214060957_EV
PB,B028,EH,44.493667,-122.963833,140.0,400.0,manual,0.64,7.5,958.0,manual,0.6,uw61281912,2017-07-14 06:32:38.900000,,44.1273,-122.8965,,71.0,,9.9,1.38,1.49,md,,[[150.  50. 140.]],0.3694,41.06,172.5,[26.         27.89999962 28.20000076],[[3114.]],2017-07-14 06:32:42.400000,earthquake_local,B028.PB_20170714063241_EV
AV,AKS,EH,54.1095,-165.6987,213.0,,,,,,,,,,,,,,,,,,,,,,,,,,,2018-01-15 07:21:00,noise,AKS.AV_20180115072100_NO
AV,AMKA,BH,51.3771,179.3,116.0,900.0,manual,0.5,34.02000045776367,3317.0,autopicker,0.95,606621536,2014-11-14 22:35:49.78,0.83,51.2997,-177.4462,1.7738,136.708,,45.0,,3.7,mb,,,2.04,226.89,273.5,[33.20000076 30.10000038 21.60000038],[[5900.]],2014-11-14 22:36:14.800000,earthquake_local,AMKA.AV_20141114223613_EV
PB,B054,EH,37.8602,-122.1995,405.6,900.0,manual,0.74,2.789999961853028,1124.0,manual,0.62,nc72701106,2016-09-23 05:41:39.570000,,37.93,-122.29817,,,,8.85,,1.55,md,,,0.1045,11.63,311.8,[41.90000153 42.59999847 35.79999924],[[1611.]],2016-09-23 05:41:33.360000,earthquake_local,B054.PB_20160923054132_EV
G,AIS,BH,-37.796349,77.569183,35.9,,,,,,,,,,,,,,,,,,,,,,,,,,,2018-01-15 00:21:42,noise,AIS.G_20180115002142_NO
TA,A21K,BH,71.3221,-156.6175,5.0,,,,,,,,,,,,,,,,,,,,,,,,,,,2017-12-12 21:14:00,noise,A21K.TA_201712122114_NO
AV,AKRB,BH,54.1292,-166.0708,334.0,600.0,manual,0.5,13.079999923706056,1601.0,manual,0.5,606912041,2014-03-10 05:38:07.18,1.2,53.551,-165.8324,1.5679,158.019,,61.48,,3.3,mb,,,0.6,66.24,346.5,[43.09999847 37.70000076 35.        ],[[5900.]],2014-03-10 05:38:14.260000,earthquake_local,AKRB.AV_20140310053813_EV
AV,ANCK,BH,58.1981,-155.4961,869.0,,,,,,,,,,,,,,,,,,,,,,,,,,,2017-11-27 16:38:00,noise,ANCK.AV_201711271638_NO
HV,AIND,HH,19.372067,-155.457228,1524.0,600.0,manual,0.64,6.559999942779541,1098.0,manual,0.55,hv61571941,2017-01-21 05:25:48.410000,,19.19633,-155.46483,,,,39.68,,1.79,md,,,0.175,19.47,182.3,[ 7.          4.5999999  -2.79999995],[[3192.]],2017-01-21 05:25:48.970000,earthquake_local,AIND.HV_20170121052547_EV
AV,AMKA,BH,51.3771,179.3,116.0,900.0,manual,0.42,17.270000457763672,2204.0,manual,0.68,us10007t7z,2017-01-09 02:34:06.800000,,51.4155,-179.1003,,,,40.3,,3.9,mb,,,1.00291,111.32,88.428,[45.20000076 46.20000076 41.        ],[[3276.]],2017-01-09 02:34:15.070000,earthquake_local,AMKA.AV_20170109023415_EV
CI,BAR,HH,32.68005,-116.67215,529.0,,,,,,,,,,,,,,,,,,,,,,,,,,,2018-01-15 08:00:54,noise,BAR.CI_20180115080054_NO
AV,AKV,BH,54.1253,-165.9647,863.0,,,,,,,,,,,,,,,,,,,,,,,,,,,2018-01-08 13:22:00,noise,AKV.AV_201801081322_NO
HV,AHUD,EH,19.371567,-155.263462,1051.0,568.0,autopicker,0.91,1.440000057220459,684.0,autopicker,0.74,hv70292236,2018-06-20 03:16:24.900000,,19.40883,-155.267,,,,1.08,,2.44,ml,,,0.03722,4.14,355.0,[27.29999924 22.89999962 27.10000038],[[1600.]],2018-06-20 03:16:20.660000,earthquake_local,AHUD.HV_20180620031619_EV
PB,B058,EH,36.7995,-121.5808,114.2,800.0,manual,0.25,6.78000020980835,1317.0,manual,0.0,nc72090601,2013-10-19 04:02:24.500000,,36.5998,-121.2113,,,,8.4,,3.4,mw,,,0.3577,39.7,124.0,[67.59999847 70.69999695 66.90000153],[[2264.]],2013-10-19 04:02:23.280000,earthquake_local,B058.PB_20131019040223_EV
AV,AKRB,BH,54.1292,-166.0708,334.0,900.0,manual,0.5,16.709999084472656,2384.0,manual,0.5,14094463,2009-10-27 10:50:35.23,1.21,53.2398,-166.7377,1.203,141.999,,49.77,,3.9,mb,,,0.98,108.35,23.8,[48.59999847 49.70000076 47.09999847],[[5141.]],2009-10-27 10:50:42.940000,earthquake_local,AKRB.AV_20091027105041_EV
HV,AIND,HH,19.372067,-155.457228,1524.0,901.0,autopicker,0.94,6.349999904632568,1364.0,autopicker,0.81,hv61627571,2017-03-04 00:07:11.050000,,19.17483,-155.46417,,,,35.67,,2.0,md,,,0.1963,21.85,181.0,[14.60000038 18.20000076 17.70000076],[[2203.]],2017-03-04 00:07:08.390000,earthquake_local,AIND.HV_20170304000707_EV
HV,AHUD,EH,19.371567,-155.263462,1051.0,701.0,autopicker,0.92,3.3399999141693115,949.0,autopicker,0.66,hv61177571,2016-02-14 09:53:30.280000,,19.409,-155.40134,,,,8.8,,2.22,ml,,,0.1354,15.06,285.0,[14.30000019 12.10000038 21.39999962],[[2394.]],2016-02-14 09:53:26.610000,earthquake_local,AHUD.HV_20160214095325_EV
HV,ALEP,EH,19.541178,-155.644036,2894.0,600.0,manual,0.6,9.0,1263.0,manual,0.0,hv61993256,2017-12-01 08:50:11.350000,,19.71633,-155.22317,,,,41.09,,1.98,md,,,0.4333,48.22,66.2,[27.60000038 28.10000038 29.89999962],[[2190.]],2017-12-01 08:50:14.350000,earthquake_local,ALEP.HV_20171201085013_EV
PB,B045,EH,40.436,-123.9965,29.4,900.0,manual,0.62,4.989999771118164,1294.0,manual,0.53,nc72213871,2014-05-01 17:36:32.630000,,40.50083,-124.20333,,,,20.77,,1.31,md,,,0.1703,18.96,292.4,[22.39999962 24.70000076 18.70000076],[[1758.]],2014-05-01 17:36:28.620000,earthquake_local,B045.PB_20140501173627_EV
AK,ATKA,BH,52.2016,-174.1975,55.0,800.0,manual,0.5,23.82999992370605,2325.0,autopicker,0.89,603986991,2013-09-01 06:46:03.15,2.05,51.1246,-175.1566,1.228,210.313,,4.04,,4.0,mb,,,1.23,136.97,28.6,[34.40000153 30.60000038 24.29999924],[[5900.]],2013-09-01 06:46:18.980000,earthquake_local,ATKA.AK_20130901064617_EV
EC,ANTS,HH,-0.4973,-78.170403,4580.0,,,,,,,,,,,,,,,,,,,,,,,,,,,2018-01-16 20:08:54,noise,ANTS.EC_20180116200854_NO
AV,AUCH,BH,59.3626,-153.4447,916.0,700.0,manual,0.74,19.55900001525879,2267.0,manual,0.76,ak17004820,2017-10-10 11:51:14.831000,0.97,58.8579,-151.4044,0.48,,6.051,46.8,0.3,3.3,ml,,,1.163,129.09,116.6,[28.60000038 35.70000076 25.89999962],[[4151.]],2017-10-10 11:51:27.390000,earthquake_local,AUCH.AV_20171010115127_EV
HV,AIND,HH,19.372067,-155.457228,1524.0,800.0,manual,0.63,6.96999979019165,1494.0,manual,0.0,hv61798051,2017-06-10 21:32:39.780000,,19.37433,-155.10133,,,,3.01,,0.94,md,,,0.336,37.39,89.7,[19.39999962 12.19999981 10.10000038],[[2351.]],2017-06-10 21:32:38.750000,earthquake_local,AIND.HV_20170610213237_EV
HV,ALEP,EH,19.541178,-155.644036,2894.0,800.0,manual,0.64,3.190000057220459,1022.0,manual,0.54,hv70061721,2018-03-25 07:29:04.120000,,19.4245,-155.61317,,,,1.32,,2.1,ml,,,0.1197,13.32,166.0,[53.20000076 48.20000076 49.90000153],[[2488.]],2018-03-25 07:28:59.310000,earthquake_local,ALEP.HV_20180325072858_EV
DK,ANGG,HH,65.616302,-37.6371,9.0,,,,,,,,,,,,,,,,,,,,,,,,,,,2018-01-15 17:25:48,noise,ANGG.DK_20180115172548_NO
C1,AC05,HH,-28.836377,-70.273777,1227.0,600.0,manual,0.5,30.38999938964844,2922.0,manual,0.5,606918951,2014-06-30 12:22:13.28,0.71,-27.4823,-69.0829,1.5506,73.297,9.18939,112.85,,3.9,mb,,,1.71,190.26,217.7,[38.70000076 35.29999924 38.20000076],[[5900.]],2014-06-30 12:22:37.670000,earthquake_local,AC05.C1_20140630122236_EV
CN,A21,HH,47.7045,-69.6892,47.0,,,,,,,,,,,,,,,,,,,,,,,,,,,2018-01-15 18:16:54,noise,A21.CN_20180115181654_NO
AE,319A,HH,31.3757,-109.280899,1187.0,,,,,,,,,,,,,,,,,,,,,,,,,,,2018-01-15 18:11:18,noise,319A.AE_20180115181118_NO
PB,B045,EH,40.436,-123.9965,29.4,700.0,manual,0.62,7.760000228881836,1255.0,manual,0.62,nc72478501,2015-07-05 02:14:28.480000,,40.42933,-124.44367,,,,23.47,,1.75,md,,,0.3414,37.95,268.7,[25.70000076 22.20000076 20.29999924],[[2302.]],2015-07-05 02:14:29.240000,earthquake_local,B045.PB_20150705021428_EV
HV,AIND,HH,19.372067,-155.457228,1524.0,700.0,manual,0.61,6.53000020980835,1204.0,manual,0.56,hv61186191,2016-02-24 19:28:24.550000,,19.22367,-155.52633,,,,39.35,,2.39,md,,,0.1614,17.96,203.7,[46.5        42.90000153 34.09999847],[[1827.]],2016-02-24 19:28:24.080000,earthquake_local,AIND.HV_20160224192823_EV
C1,AC04,HH,-28.2046,-71.0739,249.0,,,,,,,,,,,,,,,,,,,,,,,,,,,2018-01-15 23:40:18,noise,AC04.C1_20180115234018_NO
CN,BAIB,HH,52.5757,-131.7534,804.0,,,,,,,,,,,,,,,,,,,,,,,,,,,2018-01-15 05:14:18,noise,BAIB.CN_20180115051418_NO
LD,ASNY,HH,44.39812,-73.8103,330.0,,,,,,,,,,,,,,,,,,,,,,,,,,,2017-06-17 15:28:00,noise,ASNY.LD_201706171528_NO
HV,ALEP,EH,19.541178,-155.644036,2894.0,800.0,manual,0.51,11.699999809265137,1642.0,manual,0.0,hv70066371,2018-03-30 16:01:39.540000,,18.8385,-155.49533,,,,31.52,,1.97,md,,,0.713,79.34,168.7,[12.30000019 10.30000019 14.80000019],[[3199.]],2018-03-30 16:01:43.240000,earthquake_local,ALEP.HV_20180330160142_EV
C1,AC04,HH,-28.2046,-71.0739,249.0,,,,,,,,,,,,,,,,,,,,,,,,,,,2018-01-15 20:41:06,noise,AC04.C1_20180115204106_NO
C1,AY03,HH,-47.253042,-72.590769,206.5,,,,,,,,,,,,,,,,,,,,,,,,,,,2018-01-15 03:25:06,noise,AY03.C1_20180115032506_NO
HV,AIND,HH,19.372067,-155.457228,1524.0,900.0,manual,0.62,4.079999923706055,1229.0,manual,0.0,hv61571066,2017-01-20 16:52:25.090000,,19.21833,-155.5645,,,,6.6,,1.34,md,,,0.1834,20.41,213.4,[19.5        11.30000019 14.10000038],[[3115.]],2017-01-20 16:52:20.170000,earthquake_local,AIND.HV_20170120165219_EV
AV,AKHS,BH,54.1533,-165.8868,150.0,,,,,,,,,,,,,,,,,,,,,,,,,,,2018-09-06 12:37:00,noise,AKHS.AV_201809061237_NO
PB,B073,EH,35.98003,-120.4717,535.0,,,,,,,,,,,,,,,,,,,,,,,,,,,2015-07-09 09:02:00,noise,B073.PB_201507090902_NO
PB,B049,EH,40.23731,-123.81968,117.0,,,,,,,,,,,,,,,,,,,,,,,,,,,2018-08-13 11:22:00,noise,B049.PB_201808131122_NO
PB,B054,EH,37.8602,-122.1995,405.6,800.0,manual,0.72,1.4299999475479126,916.0,manual,0.54,nc72323511,2014-10-09 12:02:33.770000,,37.88917,-122.21933,,,,5.96,,0.4,md,,,0.03333,3.66,331.6,[24.         24.70000076 27.39999962],[[1368.]],2014-10-09 12:02:27.200000,earthquake_local,B054.PB_20141009120226_EV
AE,319A,HH,31.3757,-109.280899,1187.0,,,,,,,,,,,,,,,,,,,,,,,,,,,2018-01-15 08:45:42,noise,319A.AE_20180115084542_NO
ZQ,AAM3,HH,-26.374,27.416,1597.1,980.6,autopicker,0.89,2.4100000858306885,1190.6,autopicker,0.77,455403,2007-07-10 02:53:11.400,0.91,-26.455,27.403,0.4,223.0,7.2,2.0,,1.3,ml,,,0.0817,9.07,188.2204,[18.         20.79999924 15.19999981],[[1831.]],2007-07-10 02:53:04.004000,earthquake_local,AAM3.ZQ_20070710025303_EV
C1,AP01,HH,-18.3708,-70.3419,31.0,,,,,,,,,,,,,,,,,,,,,,,,,,,2018-01-15 06:48:06,noise,AP01.C1_20180115064806_NO
AV,ANCK,BH,58.1981,-155.4961,869.0,,,,,,,,,,,,,,,,,,,,,,,,,,,2017-06-24 06:26:00,noise,ANCK.AV_201706240626_NO
TA,A10A,BH,48.9813,-117.5586,688.0,,,,,,,,,,,,,,,,,,,,,,,,,,,2007-06-08 09:35:00,noise,A10A.TA_200706080935_NO
C1,AF01,HH,-22.95196,-68.17876,2442.9,,,,,,,,,,,,,,,,,,,,,,,,,,,2018-01-15 22:30:18,noise,AF01.C1_20180115223018_NO
PB,B054,EH,37.8602,-122.1995,405.6,600.0,manual,0.55,5.050000190734863,989.0,manual,0.61,nc72539575,2015-10-18 04:41:37.230000,,37.78333,-121.9625,,,,7.23,,1.11,md,,,0.2027,22.54,112.4,[24.         26.60000038 22.10000038],[[1672.]],2015-10-18 04:41:36.280000,earthquake_local,B054.PB_20151018044135_EV
CN,A64,HH,47.8274,-69.8914,132.0,,,,,,,,,,,,,,,,,,,,,,,,,,,2018-01-16 19:24:48,noise,A64.CN_20180116192448_NO
HV,ALEP,EH,19.541178,-155.644036,2894.0,500.0,manual,0.61,3.5299999713897705,746.0,manual,0.61,hv61427306,2016-09-29 02:57:50.070000,,19.41367,-155.6245,,,,3.17,,1.67,md,,,0.1282,14.26,171.8,[32.5        35.         33.09999847],[[1984.]],2016-09-29 02:57:48.600000,earthquake_local,ALEP.HV_20160929025747_EV
AV,AUL,BH,59.3823,-153.4357,360.0,600.0,manual,0.9,15.215999603271484,1802.8,manual,0.72,ak17701688,2017-12-27 16:34:49.175000,,59.6278,-153.038,,,,106.7,,1.7,ml,,,0.319,35.43,39.67,[3.5999999  7.30000019 5.69999981],[[3199.]],2017-12-27 16:34:58.391000,earthquake_local,AUL.AV_20171227163457_EV
HL,ARG,SH,36.21356,28.12122,148.0,400.0,manual,0.5,38.68000030517578,4430.0,autopicker,0.61,7704891,2005-10-29 19:49:29.12,0.56,38.161,26.6744,0.8503,36.73,3.3769,4.03,,3.4,mb,,,2.26,251.42,148.7,[19.89999962 17.60000038 20.89999962],[[5900.]],2005-10-29 19:50:03.800000,earthquake_local,ARG.HL_20051029195002_EV
HV,ALEP,EH,19.541178,-155.644036,2894.0,900.0,manual,0.51,8.6899995803833,1532.0,manual,0.0,hv61040281,2015-09-17 13:29:05.490000,,19.14283,-155.48567,,,,41.88,,1.9,md,,,0.4235,47.13,159.5,[33.5        27.5        28.10000038],[[3199.]],2015-09-17 13:29:05.180000,earthquake_local,ALEP.HV_20150917132904_EV
PB,B036,EH,42.55833,-123.38167,315.0,,,,,,,,,,,,,,,,,,,,,,,,,,,2016-05-23 14:52:00,noise,B036.PB_201605231452_NO
PB,B057,EH,38.0273,-122.5655,14.4,600.0,manual,0.0,10.65999984741211,1360.0,autopicker,0.47,nc72466091,2015-06-14 13:36:31.880000,,38.53833,-122.29817,,,,6.31,,1.09,md,,,0.5532,61.36,22.3,[11.5        10.30000019  6.5999999 ],[[3199.]],2015-06-14 13:36:36.540000,earthquake_local,B057.PB_20150614133635_EV
AF,ANKE,BH,9.5827,39.7418,2789.9,,,,,,,,,,,,,,,,,,,,,,,,,,,2015-01-30 07:57:00,noise,ANKE.AF_201501300757_NO
LD,ASNY,HH,44.39812,-73.8103,330.0,,,,,,,,,,,,,,,,,,,,,,,,,,,2017-04-02 22:36:00,noise,ASNY.LD_201704022236_NO
AV,AMKA,BH,51.3771,179.3,116.0,,,,,,,,,,,,,,,,,,,,,,,,,,,2018-01-16 23:36:06,noise,AMKA.AV_20180116233606_NO
GM,AA12,HN,39.53523,-121.4669,385.0,,,,,,,,,,,,,,,,,,,,,,,,,,,2017-09-28 01:33:00,noise,AA12.GM_201709280133_NO
PB,B073,EH,35.98003,-120.4717,535.0,,,,,,,,,,,,,,,,,,,,,,,,,,,2006-12-06 17:50:00,noise,B073.PB_200612061750_NO
AF,ANKE,BH,9.5827,39.7418,2789.9,,,,,,,,,,,,,,,,,,,,,,,,,,,2012-08-24 08:09:00,noise,ANKE.AF_201208240809_NO
AK,ATKA,BH,52.2016,-174.1975,55.0,900.0,manual,0.5,28.270000457763672,3268.0,autopicker,0.71,605596889,2014-09-09 06:28:24.48,0.76,52.0472,-171.1534,1.104,98.293,,42.0,,3.7,mb,,,1.88,209.17,275.9,[20.10000038 23.29999924 11.10000038],[[5900.]],2014-09-09 06:28:43.750000,earthquake_local,ATKA.AK_20140909062842_EV
CN,A64,HH,47.8274,-69.8914,132.0,,,,,,,,,,,,,,,,,,,,,,,,,,,2018-01-15 16:36:06,noise,A64.CN_20180115163606_NO
ZQ,AAM1,HH,-26.427,27.423,1169.9,1106.4,autopicker,0.74,3.470000028610229,1216.4,autopicker,0.94,423344,2008-05-22 16:55:08.900,0.91,-26.423,27.344,0.3,221.0,4.3,2.0,,1.8,ml,,,0.0711,7.89,273.2011,[25.60000038 26.5        27.20000076],[[2652.]],2008-05-22 16:55:01.306000,earthquake_local,AAM1.ZQ_20080522165500_EV
AV,AHB,BH,54.1144,-165.8177,447.0,,,,,,,,,,,,,,,,,,,,,,,,,,,2018-09-06 03:27:00,noise,AHB.AV_201809060327_NO
TA,A04A,BH,48.7197,-122.707,23.0,500.0,manual,0.5,9.34000015258789,1149.0,manual,0.5,11925573,2007-04-15 01:21:28.83,0.27,49.0037,-122.1718,0.8828,45.226,3.1804,8.99,,2.6,ml,,,0.45,50.39,231.4,[26.29999924 31.29999924 21.89999962],[[3199.]],2007-04-15 01:21:33.170000,earthquake_local,A04A.TA_20070415012132_EV
CI,BBR,HH,34.2623,-116.92075,2069.0,,,,,,,,,,,,,,,,,,,,,,,,,,,2018-01-15 01:39:24,noise,BBR.CI_20180115013924_NO
PB,B001,EH,48.04307,-123.13141,237.0,400.0,manual,0.6,6.670000076293945,955.0,manual,0.91,uw61073466,2015-08-31 16:46:44.540000,,47.80267,-122.752,,,,15.82,,0.51,md,,,0.3507,38.97,133.5,[21.89999962 21.20000076 15.39999962],[[1531.]],2015-08-31 16:46:47.210000,earthquake_local,B001.PB_20150831164646_EV
AK,ATKA,BH,52.2016,-174.1975,55.0,500.0,manual,0.5,24.549999237060547,2588.0,manual,0.5,603721510,2013-10-06 10:52:30.96,1.7,52.2044,-171.6261,1.3718,188.643,,57.72,,3.8,mb,,,1.58,175.79,271.0,[22.         29.20000076 20.39999962],[[4744.]],2013-10-06 10:52:50.510000,earthquake_local,ATKA.AK_20131006105249_EV
PB,B054,EH,37.8602,-122.1995,405.6,700.0,manual,0.59,10.399999618530272,1505.0,autopicker,0.65,nc72357106,2014-11-27 20:42:55.950000,,38.3595,-122.3595,,,,3.56,,1.94,md,,,0.5162,57.17,345.8,[20.         23.39999962 17.29999924],[[2807.]],2014-11-27 20:42:59.350000,earthquake_local,B054.PB_20141127204258_EV
LD,BRNY,HH,41.414036,-74.011889,248.0,,,,,,,,,,,,,,,,,,,,,,,,,,,2018-01-15 14:20:18,noise,BRNY.LD_20180115142018_NO
PB,B065,EH,36.743667,-121.474167,643.0,400.0,manual,0.54,3.4600000381469727,657.0,manual,0.0,nc72044001,2013-08-06 06:47:23.780000,,36.6385,-121.35367,,,,13.04,,1.0,md,,,0.1432,15.88,137.4,[40.59999847 40.         36.20000076],[[1139.]],2013-08-06 06:47:23.240000,earthquake_local,B065.PB_20130806064722_EV
AV,ANON,EH,56.919,-158.1737,445.0,,,,,,,,,,,,,,,,,,,,,,,,,,,2018-01-16 08:33:48,noise,ANON.AV_20180116083348_NO
AV,AKS,EH,54.1095,-165.6987,213.0,800.0,manual,0.7,28.920000076293945,3027.0,manual,0.04,usb000s4n6,2014-08-02 19:12:54.260000,1.73,52.401,-164.898,0.85,,,41.4,9.7,3.2,ml,,,1.77802,197.36,164.622,[34.5        27.89999962 29.5       ],[[5005.]],2014-08-02 19:13:15.180000,earthquake_local,AKS.AV_20140802191315_EV
PB,B058,EH,36.7995,-121.5808,114.0,,,,,,,,,,,,,,,,,,,,,,,,,,,2010-05-23 11:10:00,noise,B058.PB_201005231110_NO
CI,ADO,HH,34.550461,-117.433907,908.0,,,,,,,,,,,,,,,,,,,,,,,,,,,2018-01-16 05:32:30,noise,ADO.CI_20180116053230_NO
HV,AHUD,EH,19.371567,-155.263462,1051.0,601.0,autopicker,0.89,1.7899999618530271,736.0,autopicker,0.7,hv70410037,2018-07-12 02:34:31.640000,,19.41433,-155.27533,,,,0.76,,2.34,ml,,,0.04399,4.9,345.0,[26.89999962 26.70000076 31.39999962],[[1742.]],2018-07-12 02:34:27.420000,earthquake_local,AHUD.HV_20180712023426_EV
AV,AKS,EH,54.1095,-165.6987,213.0,800.0,manual,0.79,12.76099967956543,1745.5,manual,0.86,ak010farw9ch,2010-11-29 03:25:15.372000,,53.7022,-164.8395,0.62,,0.0,25.8,0.3,2.3,ml,,,0.649,72.41,129.29,[22.60000038 27.5        23.5       ],[[3160.]],2010-11-29 03:25:20.133000,earthquake_local,AKS.AV_20101129032519_EV
SN,AMD,EH,36.4526,-116.2818,775.4,800.0,manual,0.95,4.990260124206543,1134.279,manual,0.93,nn00402520,2013-02-11 06:45:18.475000,,36.4973,-116.5891,0.0761,105.72,0.0,4.2,4.3,0.8,ml,NN,,0.251,27.98,280.16,[38.59999847 40.79999924 39.40000153],[[2133.]],2013-02-11 06:45:15.465260,earthquake_local,AMD.SN_20130211064514_EV
GO,AKH,HH,41.41,43.4929,1720.0,,,,,,,,,,,,,,,,,,,,,,,,,,,2014-06-08 23:23:00,noise,AKH.GO_201406082323_NO
LD,ASNY,HH,44.39812,-73.8103,330.0,,,,,,,,,,,,,,,,,,,,,,,,,,,2017-10-17 04:20:00,noise,ASNY.LD_201710170420_NO
PB,B901,EH,35.6897,-120.142,275.0,,,,,,,,,,,,,,,,,,,,,,,,,,,2012-06-01 14:50:00,noise,B901.PB_201206011450_NO
HV,ALEP,EH,19.541178,-155.644036,2894.0,900.0,manual,0.61,7.710000038146973,1491.0,manual,0.58,hv62014511,2017-12-21 18:38:53.750000,,19.375,-155.24533,,,,28.29,,1.69,md,,,0.4109,45.73,113.9,[32.20000076 30.60000038 29.29999924],[[2529.]],2017-12-21 18:38:52.460000,earthquake_local,ALEP.HV_20171221183851_EV
PB,B018,EH,46.9795,-123.0203,10.0,400.0,manual,0.88,11.369999885559082,1307.0,manual,0.86,uw60514642,2013-04-04 17:16:59.050000,,46.50083,-122.41683,,,,16.57,,1.0,md,,,0.6337,70.42,139.4,[12.69999981 13.19999981 12.5       ],[[3199.]],2013-04-04 17:17:06.420000,earthquake_local,B018.PB_20130404171705_EV
KZ,ABKAR,BH,49.2556,59.9431,243.0,,,,,,,,,,,,,,,,,,,,,,,,,,,2010-09-17 15:51:00,noise,ABKAR.KZ_201009171551_NO
TA,B05A,BH,48.2641,-122.096,154.5,500.0,manual,0.95,10.210000038146973,1353.0,manual,0.0,uw10738453,2007-12-28 12:25:43.390000,,48.8085,-122.0911667,0.41,75.0,1.39,14.04,2.65,2.1,md,UW,,0.5448,60.54,0.3,[43.20000076 47.09999847 34.29999924],[[2117.]],2007-12-28 12:25:48.600000,earthquake_local,B05A.TA_20071228122547_EV
LD,BRNJ,HH,40.682695,-74.565742,50.0,,,,,,,,,,,,,,,,,,,,,,,,,,,2018-01-16 00:51:06,noise,BRNJ.LD_20180116005106_NO
PB,B065,EH,36.743667,-121.474167,643.0,400.0,manual,0.59,2.809999942779541,626.0,manual,0.59,nc72298961,2014-09-14 21:56:14.710000,,36.69283,-121.3295,,,,8.27,,0.45,md,,,0.127,14.1,113.7,[21.5        19.29999924 21.79999924],[[1450.]],2014-09-14 21:56:13.520000,earthquake_local,B065.PB_20140914215612_EV
PB,B065,EH,36.743667,-121.474167,643.0,400.0,manual,0.7,1.9600000381469729,539.0,manual,0.0,nc71539571,2011-03-08 12:18:30.950000,,36.7935,-121.5516667,0.21,71.0,1.08,6.72,0.78,0.13,md,NC,,0.08018,8.86,308.8,[21.89999962 26.70000076 19.20000076],[[945.]],2011-03-08 12:18:28.910000,earthquake_local,B065.PB_20110308121827_EV
PB,B073,EH,35.98003,-120.4717,535.0,,,,,,,,,,,,,,,,,,,,,,,,,,,2016-04-18 13:30:00,noise,B073.PB_201604181330_NO
AV,AKRB,BH,54.1292,-166.0708,334.0,700.0,manual,0.5,16.850000381469727,1976.0,autopicker,0.49,604653423,2014-05-24 11:09:29.05,1.61,53.5847,-164.8611,1.2676,159.097,,22.47,,4.3,mb,,,0.9,100.04,307.9,[50.         50.5        47.29999924],[[5900.]],2014-05-24 11:09:38.900000,earthquake_local,AKRB.AV_20140524110937_EV
EC,ANTS,HH,-0.4973,-78.170403,4580.0,,,,,,,,,,,,,,,,,,,,,,,,,,,2018-01-15 02:34:00,noise,ANTS.EC_20180115023400_NO
GM,AA12,HH,39.53523,-121.4669,385.0,,,,,,,,,,,,,,,,,,,,,,,,,,,2017-12-21 22:24:00,noise,AA12.GM_201712212224_NO
AK,ATKA,BH,52.2016,-174.1975,55.0,700.0,manual,0.92,17.483999252319336,2093.7,manual,0.92,ak0125irhkr9,2012-04-29 18:47:25.335000,,52.428,-173.8776,0.43,,0.0,133.8,1.1,2.5,ml,,,0.299,33.33,40.94,[21.10000038 26.79999924 19.20000076],[[2631.]],2012-04-29 18:47:35.819000,earthquake_local,ATKA.AK_20120429184734_EV
PB,B013,EH,47.813,-122.9108,75.3,800.0,manual,1.0,7.989999771118164,1407.0,manual,0.92,uw60547961,2013-07-01 22:33:22.560000,,47.65467,-123.51283,,,,3.43,,1.3,md,,,0.4362,48.47,248.4,[ 2.0999999   2.70000005 19.        ],[[3199.]],2013-07-01 22:33:22.550000,earthquake_local,B013.PB_20130701223321_EV
AV,AMKA,BH,51.3771,179.3,116.0,400.0,manual,0.81,8.321000099182129,1020.1,manual,0.71,ak16827324,2017-09-11 12:44:52.582000,,51.3476,179.5495,,,,48.9,,2.0,ml,,,0.159,17.68,100.82,[36.5        30.39999962 23.5       ],[[1528.]],2017-09-11 12:44:56.903000,earthquake_local,AMKA.AV_20170911124455_EV
CN,A16,HH,47.468,-70.0096,13.0,,,,,,,,,,,,,,,,,,,,,,,,,,,2018-01-16 00:49:00,noise,A16.CN_20180116004900_NO
C1,AC06,HH,-27.357117,-70.354689,380.0,,,,,,,,,,,,,,,,,,,,,,,,,,,2018-01-16 08:33:06,noise,AC06.C1_20180116083306_NO
II,ABPO,BH,-19.018,47.229,1528.0,,,,,,,,,,,,,,,,,,,,,,,,,,,2018-01-16 15:54:48,noise,ABPO.II_20180116155448_NO
KZ,AKTK,BH,50.4348,58.0167,360.0,761.6,autopicker,0.56,5.460000038146973,1250.6,autopicker,0.7,254927,2004-02-20 10:27:52.440,19.65,50.25,58.4927,0.0,81.0,,0.0,,1.8,mpv,,,0.357,39.63,121.0602,[22.5        29.20000076         nan],[[2450.]],2004-02-20 10:27:50.284000,earthquake_local,AKTK.KZ_20040220102749_EV
KR,ARSB,BH,41.32333,72.98111,1378.0,500.0,manual,0.5,20.18000030517578,1781.0,manual,0.5,603229682,2013-07-11 08:45:25.92,1.07,40.8544,74.0178,1.8471,38.703,3.30303,2.84,,4.3,mb,,,0.91,101.48,301.3,[62.59999847 60.5        59.29999924],[[5900.]],2013-07-11 08:45:41.100000,earthquake_local,ARSB.KR_20130711084540_EV
LD,ACCN,HH,43.3843,-73.6678,340.0,,,,,,,,,,,,,,,,,,,,,,,,,,,2017-11-02 20:52:00,noise,ACCN.LD_201711022052_NO
C1,AC06,HH,-27.357117,-70.354689,380.0,,,,,,,,,,,,,,,,,,,,,,,,,,,2018-01-15 01:24:42,noise,AC06.C1_20180115012442_NO
AV,AKS,EH,54.1095,-165.6987,213.0,,,,,,,,,,,,,,,,,,,,,,,,,,,2018-01-15 08:10:00,noise,AKS.AV_20180115081000_NO
NC,BBGB,HH,36.57848,-121.03957,1089.0,,,,,,,,,,,,,,,,,,,,,,,,,,,2014-10-05 06:21:00,noise,BBGB.NC_201410050621_NO
PB,B047,EH,40.25047,-124.17133,80.0,,,,,,,,,,,,,,,,,,,,,,,,,,,2013-05-20 04:46:00,noise,B047.PB_201305200446_NO
KR,ARSB,BH,41.32333,72.98111,1378.0,900.0,manual,0.5,5.380000114440918,1290.0,manual,0.5,607719471,2015-01-05 04:25:41.42,0.95,41.4782,72.7295,1.092,56.413,3.4462,13.4,,3.6,mb,,,0.24,27.18,129.0,[48.40000153 49.90000153 46.        ],[[5900.]],2015-01-05 04:25:37.800000,earthquake_local,ARSB.KR_20150105042536_EV
PB,B018,EH,46.9795,-123.0203,10.0,900.0,manual,0.46,9.380000114440918,1683.0,manual,0.78,uw60828527,2014-07-28 11:04:34.740000,,47.4582,-122.7983,,,,26.4,,3.5,ml,,,0.5022,55.74,17.6,[61.59999847 62.09999847 58.        ],[[2378.]],2014-07-28 11:04:35.120000,earthquake_local,B018.PB_20140728110435_EV
AV,AKS,EH,54.1095,-165.6987,213.0,,,,,,,,,,,,,,,,,,,,,,,,,,,2018-01-15 11:07:06,noise,AKS.AV_20180115110706_NO
PB,B049,EH,40.2375,-123.8197,117.0,400.0,manual,0.56,8.720000267028809,1067.0,manual,0.0,nc72263511,2014-07-24 03:22:46.220000,,40.5953,-124.1,,,,18.5,0.31,1.88,md,,,0.4171,46.31,329.2,[38.20000076 39.59999847 32.90000153],[[1974.]],2014-07-24 03:22:50.940000,earthquake_local,B049.PB_20140724032249_EV
7F,ARK2,EH,35.334099,-92.298203,212.0,,,,,,,,,,,,,,,,,,,,,,,,,,,2010-07-30 11:02:12,noise,ARK2.7F_20100730110212_NO
AE,113A,HH,32.7683,-113.7667,118.0,,,,,,,,,,,,,,,,,,,,,,,,,,,2017-07-21 00:47:00,noise,113A.AE_201707210047_NO
AE,319A,HH,31.3757,-109.280899,1187.0,,,,,,,,,,,,,,,,,,,,,,,,,,,2018-01-15 11:15:30,noise,319A.AE_20180115111530_NO
C1,AC05,HH,-28.836377,-70.273777,1227.0,900.0,manual,0.5,19.420000076293945,2392.0,manual,0.5,607916897,2014-06-09 00:03:23.93,0.88,-28.8162,-69.3699,0.6782,45.391,5.93721,113.36,,3.6,mw,,,0.79,88.25,268.3,[62.         60.59999847 54.        ],[[5900.]],2014-06-09 00:03:34.350000,earthquake_local,AC05.C1_20140609000333_EV
AV,AMKA,BH,51.3771,179.3,116.0,,,,,,,,,,,,,,,,,,,,,,,,,,,2018-01-16 09:20:00,noise,AMKA.AV_20180116092000_NO
C1,AC04,HH,-28.2046,-71.0739,249.0,,,,,,,,,,,,,,,,,,,,,,,,,,,2018-01-16 09:48:42,noise,AC04.C1_20180116094842_NO
ET,ASTN,EH,36.327,-83.476,753.0,,,,,,,,,,,,,,,,,,,,,,,,,,,2018-01-16 06:39:00,noise,ASTN.ET_20180116063900_NO
HA,ATAL,HH,38.6926,23.0213,290.0,900.0,manual,0.5,15.15999984741211,2257.0,autopicker,0.77,603367636,2013-07-24 03:01:33.44,0.74,38.2324,22.0975,0.6625,18.982,2.37085,11.24,,3.6,mb,,,0.86,95.45,57.4,[26.60000038 25.70000076 29.70000076],[[5900.]],2013-07-24 03:01:39.600000,earthquake_local,ATAL.HA_20130724030138_EV
FR,ARTF,HH,43.5882,5.8067,510.0,700.0,manual,0.5,25.84000015258789,2426.0,manual,0.5,608642847,2015-01-07 03:41:19.42,0.8,44.352,7.3439,1.513,25.302,2.18524,17.36,,2.0,ml,,,1.35,149.72,236.0,[25.10000038 23.89999962 18.        ],[[5900.]],2015-01-07 03:41:38.260000,earthquake_local,ARTF.FR_20150107034137_EV
PB,B057,EH,38.0273,-122.5655,14.4,800.0,manual,0.0,8.34000015258789,1387.0,autopicker,0.53,nc71546110,2011-04-01 23:34:05.150000,,37.7365,-122.155,0.12,27.0,0.13,8.31,0.25,1.81,md,NC,,0.436,48.44,131.9,[29.89999962 25.         21.5       ],[[2427.]],2011-04-01 23:34:05.490000,earthquake_local,B057.PB_20110401233404_EV
HV,AHUD,EH,19.371567,-155.263462,1051.0,700.0,manual,0.66,1.2799999713897705,782.0,manual,0.0,hv60915871,2015-05-04 13:03:19.930000,,19.38467,-155.2435,,,,2.84,,2.12,ml,,,0.02291,2.55,55.2,[23.79999924 25.39999962 37.        ],[[1728.]],2015-05-04 13:03:14.210000,earthquake_local,AHUD.HV_20150504130313_EV
HV,AHUD,EH,19.371567,-155.263462,1051.0,,,,,,,,,,,,,,,,,,,,,,,,,,,2013-07-06 01:28:00,noise,AHUD.HV_201307060128_NO
ZQ,AAM3,HH,-26.374,27.416,1597.1,1348.6,autopicker,0.91,6.460000038146973,1435.6,autopicker,0.8,342523,2007-05-14 12:26:23.800,0.65,-26.342,27.523,0.2,131.0,1.5,2.0,,1.6,ml,,,0.1014,11.25,71.6587,[32.40000153 32.70000076 24.5       ],[[3045.]],2007-05-14 12:26:16.774000,earthquake_local,AAM3.ZQ_20070514122615_EV
AV,AKV,BH,54.1253,-165.9647,863.0,597.0,autopicker,0.78,12.982000350952148,1588.0,autopicker,0.68,ak16573783,2017-08-19 12:20:42.268000,,53.6076,-165.276,,,,33.5,,2.3,ml,,,0.658,73.3,142.16,[27.         34.29999924 36.5       ],[[3199.]],2017-08-19 12:20:49.280000,earthquake_local,AKV.AV_20170819122048_EV
PB,B067,EH,36.765,-121.5655,126.2,600.0,manual,0.62,3.859999895095825,875.0,manual,0.0,nc71578085,2011-05-31 09:32:26.400000,,36.7943333,-121.352,0.09,113.0,0.58,8.72,0.98,0.53,md,NC,,0.1739,19.33,80.3,[17.10000038 17.39999962 16.89999962],[[1631.]],2011-05-31 09:32:24.260000,earthquake_local,B067.PB_20110531093223_EV
AV,AKSA,BH,54.1095,-165.6987,213.0,,,,,,,,,,,,,,,,,,,,,,,,,,,2018-01-15 23:54:18,noise,AKSA.AV_20180115235418_NO
PB,B013,EH,47.813,-122.9108,75.3,600.0,manual,1.0,3.4100000858306885,863.0,manual,1.0,uw60848142,2014-08-19 05:14:53.230000,,47.75033,-122.85833,,,,19.49,,0.3,md,,,0.072,8.0,150.7,[11.19999981 11.30000019 11.19999981],[[1420.]],2014-08-19 05:14:50.640000,earthquake_local,B013.PB_20140819051449_EV
PB,B001,EH,48.04307,-123.13141,237.0,900.0,manual,0.6,10.140000343322754,1738.0,manual,0.0,uw61200707,2016-09-30 07:17:59.770000,,47.5583,-122.7662,1.26,,,22.62,0.44,1.4,ml,,,0.544,60.44,153.3,[38.29999924 33.09999847 34.20000076],[[2532.]],2016-09-30 07:18:00.910000,earthquake_local,B001.PB_20160930071759_EV
NC,AFD,HH,38.945961,-120.968971,505.0,400.0,manual,0.0,14.220000267028809,1547.0,manual,0.0,nc72724200,2016-11-12 16:52:55.940000,,38.60117,-121.90717,,,,2.61,,1.56,md,,,0.8099,90.07,244.5,[26.70000076 35.         50.79999924],[[2342.]],2016-11-12 16:53:06.160000,earthquake_local,AFD.NC_20161112165305_EV
PR,AOPR,BH,18.346645,-66.753975,355.1,900.0,manual,0.5,13.130000114440918,1879.0,manual,0.5,604540287,2014-05-08 02:03:24.62,0.6,19.0163,-66.9724,1.1438,23.65,6.01113,37.35,,4.4,mb,,,0.7,77.62,162.7,[56.         62.90000153 62.79999924],[[5900.]],2014-05-08 02:03:28.750000,earthquake_local,AOPR.PR_20140508020327_EV
AC,BCI,HH,42.3666,20.067499,500.0,,,,,,,,,,,,,,,,,,,,,,,,,,,2018-01-15 03:22:18,noise,BCI.AC_20180115032218_NO
AV,AKRB,BH,54.1292,-166.0708,334.0,900.0,manual,0.0,38.560001373291016,3967.0,manual,0.55,us2000d9h5,2018-03-01 01:27:23.640000,,51.885,-167.8176,,,,27.2,,4.1,mb,,,2.48359,275.68,204.4551,[20.70000076 21.29999924 17.29999924],[[5346.]],2018-03-01 01:27:53.200000,earthquake_local,AKRB.AV_20180301012753_EV
HV,AHUD,EH,19.371567,-155.263462,1051.0,803.0,autopicker,0.92,1.7599999904632568,1079.0,autopicker,0.8,hv70099121,2018-04-28 19:29:49.760000,,19.35067,-155.30867,,,,1.62,,1.71,md,,,0.04748,5.28,244.0,[16.89999962 17.5        21.39999962],[[2710.]],2018-04-28 19:29:43.490000,earthquake_local,AHUD.HV_20180428192942_EV
CI,BEL,HH,34.0006,-115.9982,1388.0,,,,,,,,,,,,,,,,,,,,,,,,,,,2018-01-15 15:29:36,noise,BEL.CI_20180115152936_NO
PB,B046,EH,40.32197,-124.2843,44.0,900.0,manual,0.69,1.950000047683716,1072.0,manual,0.6,nc72568321,2015-12-16 02:51:16.190000,,40.2945,-124.31883,,,,8.74,,1.47,md,,,0.03784,4.23,223.8,[40.         40.29999924 40.59999847],[[1646.]],2015-12-16 02:51:09.140000,earthquake_local,B046.PB_20151216025108_EV
PB,B058,EH,36.7995,-121.5808,114.2,400.0,manual,0.67,5.519999980926514,807.0,manual,0.51,nc72952715,2018-01-11 22:28:48.150000,,36.65267,-121.27467,,,,5.2,,1.61,md,,,0.2863,31.83,121.0,[26.39999962 24.60000038 18.60000038],[[2130.]],2018-01-11 22:28:49.670000,earthquake_local,B058.PB_20180111222848_EV
PB,B086,HN,33.5575,-116.53,1392.0,,,,,,,,,,,,,,,,,,,,,,,,,,,2013-08-07 03:44:00,noise,B086.PB_201308070344_NO
7F,ARK1,EH,35.266602,-92.403503,176.0,,,,,,,,,,,,,,,,,,,,,,,,,,,2010-07-26 20:36:54,noise,ARK1.7F_20100726203654_NO
AV,AMKA,BH,51.3771,179.3,116.0,500.0,manual,0.87,14.425999641418455,1553.7,manual,0.66,ak16516978,2017-08-09 11:41:09.178000,,51.35,-179.5789,,,,54.8,,1.7,ml,,,0.701,78.14,92.65,[20.5        27.79999924 19.5       ],[[3049.]],2017-08-09 11:41:18.604000,earthquake_local,AMKA.AV_20170809114117_EV
PB,B006,EH,48.0588,-123.5008,302.0,400.0,manual,1.0,6.900000095367432,967.0,manual,1.0,uw60090708,2014-10-06 05:06:39.480000,,48.0398,-123.1673,,82.0,,38.9,1.06,0.96,md,,[[  80.   70. -180.]],0.2246,24.95,95.0,[26.         29.79999924 26.20000076],[[1520.]],2014-10-06 05:06:42.380000,earthquake_local,B006.PB_20141006050641_EV
HV,AIND,HH,19.372067,-155.457228,1524.0,700.0,manual,0.68,9.0600004196167,1392.0,manual,0.0,hv61966716,2017-11-04 20:54:37.480000,,18.924,-155.5205,,,,36.18,,2.39,md,,,0.4497,50.04,187.6,[44.40000153 51.70000076 46.        ],[[1984.]],2017-11-04 20:54:39.540000,earthquake_local,AIND.HV_20171104205438_EV
TA,A21K,BH,71.3221,-156.6175,5.0,,,,,,,,,,,,,,,,,,,,,,,,,,,2017-01-28 18:02:00,noise,A21K.TA_201701281802_NO
C1,AF01,HH,-22.95196,-68.17876,2442.9,,,,,,,,,,,,,,,,,,,,,,,,,,,2018-01-16 03:26:30,noise,AF01.C1_20180116032630_NO
KZ,ABKAR,BH,49.2556,59.9431,243.0,,,,,,,,,,,,,,,,,,,,,,,,,,,2015-01-30 15:44:00,noise,ABKAR.KZ_201501301544_NO
7F,ARK1,EH,35.266602,-92.403503,176.0,,,,,,,,,,,,,,,,,,,,,,,,,,,2010-07-24 22:47:48,noise,ARK1.7F_20100724224748_NO
EC,ANTS,HH,-0.4973,-78.170403,4580.0,,,,,,,,,,,,,,,,,,,,,,,,,,,2018-01-16 13:47:24,noise,ANTS.EC_20180116134724_NO
5H,ANNI,HH,37.935001,-77.9655,93.0,,,,,,,,,,,,,,,,,,,,,,,,,,,2018-01-15 11:30:12,noise,ANNI.5H_20180115113012_NO
SN,AMD,EH,36.4526,-116.2818,775.4,800.0,manual,0.95,3.340539932250977,1061.537,manual,0.93,nn00425447,2013-10-03 05:31:06.830000,,36.6123,-116.2297,0.0634,172.15,0.0,6.0,7.6,0.0,ml,NN,,0.165,18.33,14.7,[11.30000019  9.69999981 11.10000038],[[1720.]],2013-10-03 05:31:02.170540,earthquake_local,AMD.SN_20131003053101_EV
TA,A21K,BH,71.3221,-156.6175,5.0,,,,,,,,,,,,,,,,,,,,,,,,,,,2016-05-20 13:55:00,noise,A21K.TA_201605201355_NO
PB,B900,EH,35.686,-120.003,220.0,,,,,,,,,,,,,,,,,,,,,,,,,,,2011-10-04 04:29:00,noise,B900.PB_201110040429_NO
PR,AOPR,BH,18.346645,-66.753975,355.1,900.0,manual,0.47,12.420000076293944,1912.0,manual,0.0,pr2018177002,2018-06-26 03:04:06.560000,,19.055,-66.8625,,,,13.0,,3.0,md,,,0.7182,79.72,351.0,[19.10000038 21.10000038 20.20000076],[[5999.]],2018-06-26 03:04:09.980000,earthquake_local,AOPR.PR_20180626030409_EV
AE,319A,HH,31.3757,-109.280899,1187.0,,,,,,,,,,,,,,,,,,,,,,,,,,,2018-01-16 00:25:54,noise,319A.AE_20180116002554_NO
PB,B901,EH,35.6897,-120.142,275.0,,,,,,,,,,,,,,,,,,,,,,,,,,,2015-10-05 00:45:00,noise,B901.PB_201510050045_NO
EC,ANTS,HH,-0.4973,-78.170403,4580.0,,,,,,,,,,,,,,,,,,,,,,,,,,,2018-01-15 18:09:54,noise,ANTS.EC_20180115180954_NO
CI,ARV,HH,35.1269,-118.83009,258.0,600.0,manual,0.6,12.06999969482422,1503.0,manual,0.6,ci15184409,2012-07-28 23:11:18.490000,,34.55,-119.1683333,0.31,62.0,0.47,-1.11,1.58,1.48,ml,CI,,0.6393,71.09,205.6,[16.10000038 16.10000038 11.80000019],[[3065.]],2012-07-28 23:11:24.560000,earthquake_local,ARV.CI_20120728231123_EV
C1,AP01,HH,-18.3708,-70.3419,31.0,,,,,,,,,,,,,,,,,,,,,,,,,,,2018-01-16 10:05:30,noise,AP01.C1_20180116100530_NO
PB,B003,EH,48.06236,-124.14086,284.7,700.0,manual,0.0,12.5,1466.0,manual,0.0,uw10829938,2011-09-21 05:41:39.280000,,48.2096667,-124.9735,0.07,312.0,0.91,19.93,1.53,0.77,md,UW,,0.5769,64.1,284.5,[15.60000038 18.20000076 19.60000038],[[2511.]],2011-09-21 05:41:44.780000,earthquake_local,B003.PB_20110921054143_EV
CI,BFS,HH,34.238831,-117.658531,1312.0,,,,,,,,,,,,,,,,,,,,,,,,,,,2018-01-15 04:30:12,noise,BFS.CI_20180115043012_NO
KR,ARK,BH,41.799999,71.966667,1420.0,800.0,manual,0.5,40.77999877929688,4119.0,autopicker,0.93,600854565,2012-03-25 00:34:46.12,1.04,39.432,72.8098,2.1738,207.432,9.49894,10.0,,3.3,mb,,,2.45,272.46,345.0,[36.29999924 32.20000076 34.09999847],[[5900.]],2012-03-25 00:35:18.900000,earthquake_local,ARK.KR_20120325003517_EV
PB,B065,EH,36.743667,-121.474167,643.0,900.0,manual,0.64,3.950000047683716,1185.0,manual,0.55,nc72568021,2015-12-15 08:04:59.050000,,36.74217,-121.27,,,,9.59,,1.36,md,,,0.164,18.23,90.6,[31.79999924 31.         29.60000038],[[1762.]],2015-12-15 08:04:54,earthquake_local,B065.PB_20151215080453_EV
AV,ANON,EH,56.919,-158.1737,445.0,,,,,,,,,,,,,,,,,,,,,,,,,,,2018-01-16 19:20:36,noise,ANON.AV_20180116192036_NO
II,AAK,BH,42.6375,74.4942,1633.1,,,,,,,,,,,,,,,,,,,,,,,,,,,2018-01-15 03:10:24,noise,AAK.II_20180115031024_NO
LD,ACCN,HH,43.3843,-73.6678,340.0,,,,,,,,,,,,,,,,,,,,,,,,,,,2014-08-17 00:22:00,noise,ACCN.LD_201408170022_NO
CC,ASBU,BH,43.82056,-121.368401,1538.0,,,,,,,,,,,,,,,,,,,,,,,,,,,2012-05-10 11:56:00,noise,ASBU.CC_201205101156_NO
NP,1831,HN,37.36408,-122.01818,30.0,,,,,,,,,,,,,,,,,,,,,,,,,,,2008-03-24 20:09:00,noise,1831.NP_200803242009_NO
AT,AKUT,BH,54.13517,-165.77185,19.2,,,,,,,,,,,,,,,,,,,,,,,,,,,2009-08-02 12:33:00,noise,AKUT.AT_200908021233_NO
AV,ANPB,EH,56.8016,-158.2829,658.0,,,,,,,,,,,,,,,,,,,,,,,,,,,2018-01-16 05:55:36,noise,ANPB.AV_20180116055536_NO
PB,B065,EH,36.74367,-121.47417,643.0,,,,,,,,,,,,,,,,,,,,,,,,,,,2018-06-15 14:33:00,noise,B065.PB_201806151433_NO
HV,AHUD,EH,19.371567,-155.263462,1051.0,899.0,autopicker,0.85,1.6799999475479126,995.0,autopicker,0.54,hv70256797,2018-06-10 09:15:40.160000,,19.414,-155.27184,,,,1.86,,2.25,ml,,,0.04294,4.78,349.0,[30.         29.89999962 34.29999924],[[2181.]],2018-06-10 09:15:32.850000,earthquake_local,AHUD.HV_20180610091531_EV
NC,BPRB,HN,36.40721,-121.73067,738.0,,,,,,,,,,,,,,,,,,,,,,,,,,,2017-08-03 14:37:00,noise,BPRB.NC_201708031437_NO
HV,AHUD,EH,19.371567,-155.263462,1051.0,693.0,autopicker,0.82,1.690000057220459,857.0,autopicker,0.78,hv70396026,2018-07-11 06:34:23.480000,,19.415,-155.27116,,,,0.65,,2.44,ml,,,0.04381,4.88,350.0,[15.89999962 19.10000038 24.20000076],[[2042.]],2018-07-11 06:34:18.240000,earthquake_local,AHUD.HV_20180711063417_EV
AV,AUCH,BH,59.3626,-153.4447,916.0,,,,,,,,,,,,,,,,,,,,,,,,,,,2018-01-15 13:38:18,noise,AUCH.AV_20180115133818_NO
AV,ANNW,EH,56.9656,-158.217,816.0,,,,,,,,,,,,,,,,,,,,,,,,,,,2018-01-15 02:02:30,noise,ANNW.AV_20180115020230_NO
G,ATD,BH,11.530725,42.846634,610.0,,,,,,,,,,,,,,,,,,,,,,,,,,,2018-01-15 12:27:36,noise,ATD.G_20180115122736_NO
HV,ALEP,EH,19.541178,-155.644036,2894.0,403.0,autopicker,0.92,4.550000190734863,766.0,autopicker,0.72,hv60977661,2015-07-11 18:46:04.310000,,19.376,-155.5025,,,,9.16,,2.08,ml,,,0.2117,23.56,141.0,[38.20000076 43.59999847 44.79999924],[[2147.]],2015-07-11 18:46:04.830000,earthquake_local,ALEP.HV_20150711184603_EV
CC,ASBU,BH,43.82056,-121.368401,1538.0,,,,,,,,,,,,,,,,,,,,,,,,,,,2013-02-22 01:24:00,noise,ASBU.CC_201302220124_NO
C1,BI05,HH,-36.74784,-73.19051,52.0,,,,,,,,,,,,,,,,,,,,,,,,,,,2018-01-15 01:58:18,noise,BI05.C1_20180115015818_NO
